trader,abre,cierra,lado,px_entrada,sl,tp,lote_btc,nocional_usdt,riesgo_usdt,stop_pct,px_salida,salida,R,pnl_usdt,comision_usdt,funding_usdt,barras,max_barras,mfe_R,mae_R,post_stop_R,tendencia_a_favor,vol_percentil,hora_utc,abierta,lecciones
I02 Ruptura Donchian 24 h|M5 dejar correr,2026-09-30 13:00:00+00:00,2026-09-30 13:00:00+00:00,LARGO,85296.55589999999,84301.98843846365,88280.25828460901,0.004,341.18622359999995,3.9782698461453454,0.011660112779962038,84285.12804077596,stop,-1.1022064802935116,-4.384874804777671,0.3391633678815519,0.0,1,48,0.35587741776034026,1.332293636424764,-0.6631585342447838,False,0.6112412177985949,13,False,"['El precio no se recuperó tras el stop: la salida fue la correcta.', 'Operó contra la tendencia de fondo (EMA de 800 h).']"
I02 Ruptura Donchian 24 h|M5 dejar correr,2026-10-01 18:00:00+00:00,,LARGO,84913.9794,83883.18601809327,88006.35954572017,0.004,339.6559176,4.123173527626904,0.012139265986475793,86352.2261,end,1.3054756034901447,5.382702449273322,0.342532411,-0.02775193972669246,16,48,1.9344522723957858,0.42877593876518516,,False,0.6973684210526315,18,True,[]
I07 Ruptura tras squeeze|M5 dejar correr,2026-09-30 13:00:00+00:00,2026-09-30 13:00:00+00:00,LARGO,85296.55589999999,84550.63030384773,87534.33268845675,0.005,426.4827795,3.729627980761261,0.008745084584971528,84533.72017778696,stop,-1.1365086070580241,-4.238754301259612,0.4245756901944674,0.0,1,48,0.4745032236804537,1.7763915152330187,-0.884211378993045,False,0.6112412177985949,13,False,"['El precio no se recuperó tras el stop: la salida fue la correcta.', 'Operó contra la tendencia de fondo (EMA de 800 h).']"
I07 Ruptura tras squeeze|M5 dejar correr,2026-10-01 18:00:00+00:00,,LARGO,84913.9794,84140.88436356994,87233.26450929014,0.005,424.56989699999997,3.8654751821502233,0.009104449489856845,86352.2261,end,1.7406341379868593,6.728378061591652,0.42816551375,-0.03468992465836558,16,48,2.579269696527714,0.5717012516869135,,False,0.6973684210526315,18,True,[]
I08 Ruptura del máx./mín. de ayer|M2 stops ×2,2026-09-30 13:00:00+00:00,2026-09-30 14:00:00+00:00,LARGO,85296.55589999999,83804.70470769549,88280.25828460901,0.003,255.8896677,4.475553576913513,0.017490169169943056,83787.94376675396,stop,-1.0682266511355598,-4.7809056094440985,0.253626749500131,-0.001442460205872025,2,24,0.23725161184022686,1.303786805301546,-0.5590744601756175,False,0.6112412177985949,13,False,"['Nunca fue a favor (máximo 0.24 R): la señal falló desde el principio.', 'El precio no se recuperó tras el stop: la salida fue la correcta.', 'Operó contra la tendencia de fondo (EMA de 800 h).']"
I08 Ruptura del máx./mín. de ayer|M2 stops ×2,2026-10-02 04:00:00+00:00,,LARGO,85513.5993,84226.73329677603,88087.33130644794,0.003,256.54079790000003,3.860598009671908,0.015048670781700675,86352.2261,end,0.5804441233276951,2.2408614272446554,0.25779873810000004,-0.017220234655338684,6,24,1.083563243186644,0.057581208777263235,,False,0.3948497854077253,4,True,[]
I10 Ráfaga de momentum|M2 stops ×2,2026-09-30 13:00:00+00:00,2026-09-30 13:00:00+00:00,LARGO,85296.55589999999,84301.98843846365,86788.4070923045,0.004,341.18622359999995,3.9782698461453454,0.011660112779962038,84285.12804077596,stop,-1.1022064802935116,-4.384874804777671,0.3391633678815519,0.0,1,6,0.35587741776034026,1.332293636424764,-0.6631585342447838,False,0.6112412177985949,13,False,"['El precio no se recuperó tras el stop: la salida fue la correcta.', 'Operó contra la tendencia de fondo (EMA de 800 h).']"
I10 Ráfaga de momentum|M2 stops ×2,2026-10-01 08:00:00+00:00,2026-10-01 14:00:00+00:00,CORTO,83367.82310000001,84293.35666560383,81979.52275159427,0.004,333.47129240000004,3.7021342624153126,0.011101808002035116,83951.787,time,-0.7196480459361962,-2.6642336877406207,0.33463922020000003,0.006261132459330544,7,6,0.2558773758199712,1.0428329515745864,,False,0.5269058295964125,8,False,"['Operó contra la tendencia de fondo (EMA de 800 h).', 'Se agotó el tiempo (7 h) sin alcanzar el objetivo ni el stop: la idea no se desarrolló.']"
I10 Ráfaga de momentum|M2 stops ×2,2026-10-02 05:00:00+00:00,,LARGO,86662.329,85655.91195038515,88171.95457442226,0.004,346.649316,4.0256681984593525,0.01161308565356971,86352.2261,end,-0.398614105508131,-1.6046881280014038,0.3460291102,-0.018247417801411446,5,6,0.02650094213945327,0.8940915700348756,,False,0.6038543897216274,5,True,[]
