trader,abre,cierra,lado,px_entrada,sl,tp,lote_btc,nocional_usdt,riesgo_usdt,stop_pct,px_salida,salida,R,pnl_usdt,comision_usdt,funding_usdt,barras,max_barras,mfe_R,mae_R,post_stop_R,tendencia_a_favor,vol_percentil,hora_utc,abierta,lecciones,duracion_min
P02 Pin bar en techo/suelo,2026-10-02 03:15:00+00:00,2026-10-02 03:45:00+00:00,CORTO,85271.9422,85545.88799728008,84724.05060543986,0.013000000000000001,1108.5352486000002,3.5612953646409635,0.0032126135539114536,85562.99717487954,stop,-1.3735272301616661,-4.891536157982883,1.1104271059367172,0.002605621387738625,3,32,0.2626147242056551,1.0734159929431553,-0.6116458133821593,False,0.471,3,False,Nunca fue a favor (máximo 0.26 R): la señal falló desde el principio. | El precio no se recuperó tras el stop: la salida fue la correcta. | Operó contra la tendencia de fondo (EMA de 800 h). | Comisiones y funding costaron 0.31 R de esta pérdida.,45
P02 Pin bar en techo/suelo,2026-10-02 04:15:00+00:00,2026-10-02 04:15:00+00:00,CORTO,85440.9084,85662.16691314858,84998.39137370282,0.015,1281.613626,3.3188776972288356,0.0025896086229882484,85679.29934653122,stop,-1.4641292025086026,-4.859265756067242,1.2834015580989844,0.0,1,32,-0.0772471972118951,6.187746543702787,-1.914464641256679,False,0.4375,4,False,Nunca fue a favor (máximo -0.08 R): la señal falló desde el principio. | El precio no se recuperó tras el stop: la salida fue la correcta. | Operó contra la tendencia de fondo (EMA de 800 h). | Comisiones y funding costaron 0.39 R de esta pérdida.,15
P02 Pin bar en techo/suelo · A,2026-10-02 03:15:00+00:00,2026-10-02 03:45:00+00:00,CORTO,85271.9422,85545.88799728008,84724.05060543986,0.013000000000000001,1108.5352486000002,3.5612953646409635,0.0032126135539114536,85562.99717487954,stop,-1.3735272301616661,-4.891536157982883,1.1104271059367172,0.002605621387738625,3,32,0.2626147242056551,1.0734159929431553,-0.6116458133821593,False,0.471,3,False,Nunca fue a favor (máximo 0.26 R): la señal falló desde el principio. | El precio no se recuperó tras el stop: la salida fue la correcta. | Operó contra la tendencia de fondo (EMA de 800 h). | Comisiones y funding costaron 0.31 R de esta pérdida.,45
P02 Pin bar en techo/suelo · A,2026-10-02 04:15:00+00:00,2026-10-02 04:15:00+00:00,CORTO,85440.9084,85662.16691314858,84998.39137370282,0.015,1281.613626,3.3188776972288356,0.0025896086229882484,85679.29934653122,stop,-1.4641292025086026,-4.859265756067242,1.2834015580989844,0.0,1,32,-0.0772471972118951,6.187746543702787,-1.914464641256679,False,0.4375,4,False,Nunca fue a favor (máximo -0.08 R): la señal falló desde el principio. | El precio no se recuperó tras el stop: la salida fue la correcta. | Operó contra la tendencia de fondo (EMA de 800 h). | Comisiones y funding costaron 0.39 R de esta pérdida.,15
P02 Pin bar en techo/suelo · C,2026-10-02 03:15:00+00:00,2026-10-02 03:45:00+00:00,CORTO,85271.9422,85545.88799728008,84724.05060543986,0.013000000000000001,1108.5352486000002,3.5612953646409635,0.0032126135539114536,85562.99717487954,stop,-1.3735272301616661,-4.891536157982883,1.1104271059367172,0.002605621387738625,3,32,0.2626147242056551,1.0734159929431553,-0.6116458133821593,False,0.471,3,False,Nunca fue a favor (máximo 0.26 R): la señal falló desde el principio. | El precio no se recuperó tras el stop: la salida fue la correcta. | Operó contra la tendencia de fondo (EMA de 800 h). | Comisiones y funding costaron 0.31 R de esta pérdida.,45
P02 Pin bar en techo/suelo · C,2026-10-02 04:15:00+00:00,2026-10-02 04:15:00+00:00,CORTO,85440.9084,85662.16691314858,84998.39137370282,0.015,1281.613626,3.3188776972288356,0.0025896086229882484,85679.29934653122,stop,-1.4641292025086026,-4.859265756067242,1.2834015580989844,0.0,1,32,-0.0772471972118951,6.187746543702787,-1.914464641256679,False,0.4375,4,False,Nunca fue a favor (máximo -0.08 R): la señal falló desde el principio. | El precio no se recuperó tras el stop: la salida fue la correcta. | Operó contra la tendencia de fondo (EMA de 800 h). | Comisiones y funding costaron 0.39 R de esta pérdida.,15
P03 Barrido de liquidez,2026-10-02 04:15:00+00:00,2026-10-02 04:15:00+00:00,CORTO,85440.9084,85652.21521051887,85018.29477896226,0.015,1281.613626,3.1696021577830686,0.002473133941058043,85669.34565356097,stop,-1.4859548531196605,-4.709885708816299,1.2833269054017074,0.0,1,32,-0.08088523014488139,6.479164569462515,-2.00462824155954,False,0.4375,4,False,Nunca fue a favor (máximo -0.08 R): la señal falló desde el principio. | El precio no se recuperó tras el stop: la salida fue la correcta. | Operó contra la tendencia de fondo (EMA de 800 h). | Comisiones y funding costaron 0.40 R de esta pérdida.,15
P03 Barrido de liquidez,2026-10-02 04:45:00+00:00,,CORTO,86497.697,86942.55491315147,85607.98117369704,0.009000000000000001,778.4792730000001,4.003721218363282,0.005143002976732152,86482.7931,end,-0.14966032224000805,-0.5991982076994063,0.7784122054500001,0.04507889775055064,26,32,1.6526557767438497,0.623351842918836,,False,0.8245,4,True,,390
P03 Barrido de liquidez · A,2026-10-02 04:15:00+00:00,2026-10-02 04:15:00+00:00,CORTO,85440.9084,85652.21521051887,85018.29477896226,0.015,1281.613626,3.1696021577830686,0.002473133941058043,85669.34565356097,stop,-1.4859548531196605,-4.709885708816299,1.2833269054017074,0.0,1,32,-0.08088523014488139,6.479164569462515,-2.00462824155954,False,0.4375,4,False,Nunca fue a favor (máximo -0.08 R): la señal falló desde el principio. | El precio no se recuperó tras el stop: la salida fue la correcta. | Operó contra la tendencia de fondo (EMA de 800 h). | Comisiones y funding costaron 0.40 R de esta pérdida.,15
P03 Barrido de liquidez · A,2026-10-02 04:45:00+00:00,,CORTO,86497.697,86942.55491315147,85607.98117369704,0.009000000000000001,778.4792730000001,4.003721218363282,0.005143002976732152,86482.7931,end,-0.14966032224000805,-0.5991982076994063,0.7784122054500001,0.04507889775055064,26,32,1.6526557767438497,0.623351842918836,,False,0.8245,4,True,,390
P03 Barrido de liquidez · C,2026-10-02 04:15:00+00:00,2026-10-02 04:15:00+00:00,CORTO,85440.9084,85652.21521051887,85018.29477896226,0.015,1281.613626,3.1696021577830686,0.002473133941058043,85669.34565356097,stop,-1.4859548531196605,-4.709885708816299,1.2833269054017074,0.0,1,32,-0.08088523014488139,6.479164569462515,-2.00462824155954,False,0.4375,4,False,Nunca fue a favor (máximo -0.08 R): la señal falló desde el principio. | El precio no se recuperó tras el stop: la salida fue la correcta. | Operó contra la tendencia de fondo (EMA de 800 h). | Comisiones y funding costaron 0.40 R de esta pérdida.,15
P03 Barrido de liquidez · C,2026-10-02 04:45:00+00:00,,CORTO,86497.697,86942.55491315147,85607.98117369704,0.009000000000000001,778.4792730000001,4.003721218363282,0.005143002976732152,86482.7931,end,-0.14966032224000805,-0.5991982076994063,0.7784122054500001,0.04507889775055064,26,32,1.6526557767438497,0.623351842918836,,False,0.8245,4,True,,390
P04 Ineficiencia (Fair Value Gap),2026-10-02 02:45:00+00:00,2026-10-02 04:15:00+00:00,LARGO,85003.9974,84628.36425790818,85755.2636841836,0.01,850.0399739999999,3.756331420918084,0.0044190056183382315,85755.2636841836,tp,1.8393193346741026,6.909093009938476,0.5965305143683672,-0.007039317529293198,7,48,4.807889394271292,0.08385149357320194,,True,0.3925,2,False,Ganó: llegó al objetivo (+1.84 R).,105
P04 Ineficiencia (Fair Value Gap),2026-10-02 09:30:00+00:00,2026-10-02 10:30:00+00:00,LARGO,86242.245,86118.78096097967,86489.17307804065,0.022,1897.3293899999999,2.7162088584471435,0.0014315958382150732,86489.17307804065,tp,1.507715098635991,4.095269106929588,1.3292170565433787,-0.007931553421448405,5,48,2.2213350719463882,0.5811003800724893,,True,0.6725,9,False,Ganó: llegó al objetivo (+1.51 R).,75
P04 Ineficiencia (Fair Value Gap) · C,2026-10-02 02:45:00+00:00,2026-10-02 04:15:00+00:00,LARGO,85003.9974,84628.36425790818,85755.2636841836,0.01,850.0399739999999,3.756331420918084,0.0044190056183382315,85755.2636841836,tp,1.8393193346741026,6.909093009938476,0.5965305143683672,-0.007039317529293198,7,48,4.807889394271292,0.08385149357320194,,True,0.3925,2,False,Ganó: llegó al objetivo (+1.84 R).,105
P05 Barra interior + tendencia,2026-10-02 02:00:00+00:00,2026-10-02 04:15:00+00:00,LARGO,84915.9798,84515.9798,85715.9798,0.009000000000000001,764.2438182000001,3.6000000000000005,0.004710538592878604,85715.9798,tp,1.8491442383996672,6.656919258238803,0.5364106727400001,-0.006670069021197763,10,24,4.735050499999997,0.18994950000000244,,True,0.3725,2,False,Ganó: llegó al objetivo (+1.85 R).,150
P05 Barra interior + tendencia · A,2026-10-02 02:00:00+00:00,2026-10-02 04:15:00+00:00,LARGO,84915.9798,84515.9798,85715.9798,0.009000000000000001,764.2438182000001,3.6000000000000005,0.004710538592878604,85715.9798,tp,1.8491442383996672,6.656919258238803,0.5364106727400001,-0.006670069021197763,10,24,4.735050499999997,0.18994950000000244,,True,0.3725,2,False,Ganó: llegó al objetivo (+1.85 R).,150
P05 Barra interior + tendencia · C,2026-10-02 02:00:00+00:00,2026-10-02 04:15:00+00:00,LARGO,84915.9798,84515.9798,85715.9798,0.009000000000000001,764.2438182000001,3.6000000000000005,0.004710538592878604,85715.9798,tp,1.8491442383996672,6.656919258238803,0.5364106727400001,-0.006670069021197763,10,24,4.735050499999997,0.18994950000000244,,True,0.3725,2,False,Ganó: llegó al objetivo (+1.85 R).,150
P07 Doble techo/suelo,2026-10-02 03:00:00+00:00,2026-10-02 04:15:00+00:00,LARGO,85202.5371,84622.96833514981,86361.67462970038,0.007,596.4177597,4.05698135395132,0.006802247733186205,86361.67462970038,tp,1.8954996980673775,7.690006931479708,0.41911522433158055,-0.004840552091394524,6,48,2.7735499176107394,0.05527747860649904,,True,0.4075,3,False,Ganó: llegó al objetivo (+1.90 R).,90
P07 Doble techo/suelo · A,2026-10-02 03:00:00+00:00,2026-10-02 04:15:00+00:00,LARGO,85202.5371,84622.96833514981,86361.67462970038,0.007,596.4177597,4.05698135395132,0.006802247733186205,86361.67462970038,tp,1.8954996980673775,7.690006931479708,0.41911522433158055,-0.004840552091394524,6,48,2.7735499176107394,0.05527747860649904,,True,0.4075,3,False,Ganó: llegó al objetivo (+1.90 R).,90
P07 Doble techo/suelo · C,2026-10-02 03:00:00+00:00,2026-10-02 04:15:00+00:00,LARGO,85202.5371,84622.96833514981,86361.67462970038,0.007,596.4177597,4.05698135395132,0.006802247733186205,86361.67462970038,tp,1.8954996980673775,7.690006931479708,0.41911522433158055,-0.004840552091394524,6,48,2.7735499176107394,0.05527747860649904,,True,0.4075,3,False,Ganó: llegó al objetivo (+1.90 R).,90
Q01 Momentum de series temporales,2026-10-02 02:45:00+00:00,2026-10-02 04:15:00+00:00,LARGO,85003.9974,84622.66597908191,86147.99166275424,0.01,850.0399739999999,3.813314209180841,0.004486041040207412,86147.99166275424,tp,2.8415144268993577,10.835587339687676,0.5973159703255084,-0.007039317529293198,7,96,4.7360445558142565,0.08259849116068264,,True,0.3925,2,False,Ganó: llegó al objetivo (+2.84 R).,105
Q01 Momentum de series temporales,2026-10-02 06:30:00+00:00,,LARGO,86036.2038,85457.8512782804,87771.2613651588,0.007,602.2534266,4.04846765203719,0.006722199448316414,86448.2069,end,0.558321512099097,2.2603465811696846,0.6036954374500001,-0.019979681380327484,19,96,1.0664710135024482,0.4732473529919217,,True,0.7925,6,True,,285
Q01 Momentum de series temporales · A,2026-10-02 02:45:00+00:00,2026-10-02 04:15:00+00:00,LARGO,85003.9974,84622.66597908191,86147.99166275424,0.01,850.0399739999999,3.813314209180841,0.004486041040207412,86147.99166275424,tp,2.8415144268993577,10.835587339687676,0.5973159703255084,-0.007039317529293198,7,96,4.7360445558142565,0.08259849116068264,,True,0.3925,2,False,Ganó: llegó al objetivo (+2.84 R).,105
Q01 Momentum de series temporales · A,2026-10-02 06:30:00+00:00,,LARGO,86036.2038,85457.8512782804,87771.2613651588,0.007,602.2534266,4.04846765203719,0.006722199448316414,86448.2069,end,0.558321512099097,2.2603465811696846,0.6036954374500001,-0.019979681380327484,19,96,1.0664710135024482,0.4732473529919217,,True,0.7925,6,True,,285
Q01 Momentum de series temporales · C,2026-10-02 02:45:00+00:00,2026-10-02 04:15:00+00:00,LARGO,85003.9974,84622.66597908191,86147.99166275424,0.01,850.0399739999999,3.813314209180841,0.004486041040207412,86147.99166275424,tp,2.8415144268993577,10.835587339687676,0.5973159703255084,-0.007039317529293198,7,96,4.7360445558142565,0.08259849116068264,,True,0.3925,2,False,Ganó: llegó al objetivo (+2.84 R).,105
Q01 Momentum de series temporales · C,2026-10-02 06:30:00+00:00,,LARGO,86036.2038,85457.8512782804,87771.2613651588,0.007,602.2534266,4.04846765203719,0.006722199448316414,86448.2069,end,0.558321512099097,2.2603465811696846,0.6036954374500001,-0.019979681380327484,19,96,1.0664710135024482,0.4732473529919217,,True,0.7925,6,True,,285
Q02 Reversión Ornstein-Uhlenbeck,2026-10-02 04:45:00+00:00,2026-10-02 05:30:00+00:00,CORTO,86497.697,87096.27613151475,85899.11786848525,0.007,605.483879,4.1900539206033,0.00692017420434624,85899.11786848525,tp,0.9004958330770516,3.7731260958714348,0.42300070451587934,0.0060728797840591195,4,24,1.0277621915137436,0.4632687399212536,,False,0.8245,4,False,Ganó: llegó al objetivo (+0.90 R).,60
Q02 Reversión Ornstein-Uhlenbeck · A,2026-10-02 04:45:00+00:00,2026-10-02 05:30:00+00:00,CORTO,86497.697,87096.27613151475,85899.11786848525,0.007,605.483879,4.1900539206033,0.00692017420434624,85899.11786848525,tp,0.9004958330770516,3.7731260958714348,0.42300070451587934,0.0060728797840591195,4,24,1.0277621915137436,0.4632687399212536,,False,0.8245,4,False,Ganó: llegó al objetivo (+0.90 R).,60
Q02 Reversión Ornstein-Uhlenbeck · C,2026-10-02 04:45:00+00:00,2026-10-02 05:30:00+00:00,CORTO,86497.697,87096.27613151475,85899.11786848525,0.007,605.483879,4.1900539206033,0.00692017420434624,85899.11786848525,tp,0.9004958330770516,3.7731260958714348,0.42300070451587934,0.0060728797840591195,4,24,1.0277621915137436,0.4632687399212536,,False,0.8245,4,False,Ganó: llegó al objetivo (+0.90 R).,60
