consulta,idioma,mercados,demanda,puntos,hueco,relevantes,largos,max_vistas_rel,mejor_video
historia de amor,es,es-ES es-US es-MX es-AR es-CO,40.875,265.69,VACÍO: ningún vídeo largo que lo responda,18,0,128636652,"Guadalupe Pineda  - Historia De Un Amor (128,636,652 vistas, 3.4 min, hace 3285 días)"
cómo funciona alexa,es,es-ES es-US es-MX es-AR es-CO,45.0,263.9,VACÍO: ningún vídeo largo que lo responda,4,0,1755573,"Alexa, funciones básicas para el día a día (1,755,573 vistas, 6.4 min, hace 1825 días)"
cómo era la vida con franco,es,es-ES es-US es-MX es-AR es-CO,51.0,255.0,VIEJO: solo vídeos largos de hace más de 2 años,6,1,2862982,"Así sucedió el rey Juan Carlos I de Borbón a Franco | Franco. La vida del dictador en color (2,862,982 vistas, 12.5 min, hace 2190 días)"
cómo se construyó el mundo,es,es-ES es-US es-MX es-AR es-CO,49.73,248.65,VIEJO: solo vídeos largos de hace más de 2 años,2,1,6167131,"Por qué se construyó el Muro de Berlín y qué provocó su caída | BBC Mundo (6,167,131 vistas, 8.1 min, hace 2190 días)"
qué pasaría si júpiter no existiera,es,es-ES es-US es-MX es-AR es-CO,40.5,202.5,FLOJO: los vídeos largos recientes tienen menos de 20.000 vistas,8,2,4359656,"¿Qué pasaría si cayeras en Júpiter? (4,359,656 vistas, 5.3 min, hace 2190 días)"
cómo funciona paypal,es,es-ES es-US es-MX es-AR es-CO,50.962,156.75,FLOJO: los vídeos largos recientes tienen menos de 20.000 vistas,5,3,1037895,"✅ Cómo funciona PayPal: Tutorial para novatos | Cómo utilizar Paypal (1,037,895 vistas, 11.1 min, hace 1460 días)"
qué hay dentro de neptuno,es,es-ES es-US es-MX es-AR es-CO,30.0,140.99,FLOJO: los vídeos largos recientes tienen menos de 20.000 vistas,6,4,1849768,"Neptuno por dentro - Planetas del Sistema Solar (1,849,768 vistas, 3.8 min, hace 3650 días)"
qué pasaría si rusia no existiera,es,es-ES es-US es-MX es-AR es-CO,21.113,137.23,VACÍO: ningún vídeo largo que lo responda,2,0,3094975,"¿Qué pasaría si Rusia lanzara un ataque nuclear? (3,094,975 vistas, 6.7 min, hace 1460 días)"
por qué se hundió el mar y galante,es,es-ES es-US es-MX es-AR es-CO,103.875,135.19,VACÍO: ningún vídeo largo que lo responda,1,0,567,"""Marigalante se Hundió""– La Leyenda que Vive en el Mar (567 vistas, 5.8 min, hace 330 días)"
qué pasaría si yo,es,es-ES es-US es-MX es-AR es-CO,26.143,130.72,VIEJO: solo vídeos largos de hace más de 2 años,11,1,175474483,"Rauw Alejandro, Bad Bunny - Qué Pasaría... (Official Lyric Video) (175,474,483 vistas, 3.2 min, hace 365 días)"
el caso de richard jewell,es,es-ES es-US es-MX es-AR es-CO,25.543,127.72,FLOJO: los vídeos largos recientes tienen menos de 20.000 vistas,17,6,13031291,"RICHARD JEWELL - Official Trailer [HD] (13,031,291 vistas, 2.3 min, hace 2555 días)"
por qué ronronean los gatos,es,es-ES es-US es-MX es-AR es-CO,36.462,110.82,FLOJO: los vídeos largos recientes tienen menos de 20.000 vistas,7,2,1019688,"Por qué ronronean los gatos - CONSEJOS PARA GATOS (1,019,688 vistas, 3.5 min, hace 2920 días)"
qué hay dentro del área 51,es,es-ES es-US es-MX es-AR es-CO,22.5,102.84,VACÍO: ningún vídeo largo que lo responda,3,0,1257978,"¿Qué hay realmente en la misteriosa Área 51 de Estados Unidos? | BBC Mundo (1,257,978 vistas, 4.7 min, hace 2555 días)"
qué pasaría si la tierra dejará de girar,es,es-ES es-US es-MX es-AR es-CO,19.768,98.84,FLOJO: los vídeos largos recientes tienen menos de 20.000 vistas,5,4,3637192,"¿Qué pasaría si la Tierra dejara de girar por CINCO segundos? (3,637,192 vistas, 5.0 min, hace 1460 días)"
quién fue oppenheimer,es,es-ES es-US es-MX es-AR es-CO,22.125,97.74,VIEJO: solo vídeos largos de hace más de 2 años,6,2,1708760,"OPPENHEIMER: ¿Quién es quién? Los personajes clave para entender la película (2/5) (1,708,760 vistas, 26.2 min, hace 1095 días)"
por qué ya no llueve,es,es-ES es-US es-MX es-AR es-CO,15.0,97.5,VACÍO: ningún vídeo largo que lo responda,7,0,3438058,"El ciclo del agua para niños - ¿Qué es el ciclo del agua? -  ¿Por qué llueve? - Ciencias para niños (3,438,058 vistas, 3.3 min, hace 2555 días)"
el hombre que desaparecio por grabar a un gigante,es,es-ES es-US es-MX es-AR es-CO,15.0,97.5,VACÍO: ningún vídeo largo que lo responda,7,0,2290782,"Andrew Dawson: El misterio del hombre que grabó a un gigante en Canadá y desapareció (2,290,782 vistas, 4.5 min, hace 1095 días)"
el hombre que desapareció por ver un gigante,es,es-ES es-US es-MX es-AR es-CO,15.0,97.5,VACÍO: ningún vídeo largo que lo responda,5,0,2290782,"Andrew Dawson: El misterio del hombre que grabó a un gigante en Canadá y desapareció (2,290,782 vistas, 4.5 min, hace 1095 días)"
como se hizo it,es,es-ES es-US es-MX es-AR es-CO,30.0,97.01,FLOJO: los vídeos largos recientes tienen menos de 20.000 vistas,4,4,1116841,"COMO SE HIZO IT ESO (EFECTOS ESPECIALES) SERIE 1990 - Curiosidades Stephen King (1,116,841 vistas, 10.1 min, hace 3285 días)"
por qué gotea el aire acondicionado,es,es-ES es-US es-MX es-AR es-CO,13.612,88.48,VACÍO: ningún vídeo largo que lo responda,10,0,2454276,"Tu aire acondicionado gotea por culpa de esto (2,454,276 vistas, 4.0 min, hace 2555 días)"
que hay dentro de area 51,es,es-ES es-US es-MX es-AR es-CO,18.75,85.7,VACÍO: ningún vídeo largo que lo responda,3,0,1257978,"¿Qué hay realmente en la misteriosa Área 51 de Estados Unidos? | BBC Mundo (1,257,978 vistas, 4.7 min, hace 2555 días)"
qué pasó en suiza,es,es-ES es-US es-MX es-AR es-CO,14.663,84.71,VACÍO: ningún vídeo largo que lo responda,1,0,1722084,"¿Qué Pasó en Suiza? | Biología Desde Cero (1,722,084 vistas, 0.8 min, hace 270 días)"
cómo se hizo el mundo,es,es-ES es-US es-MX es-AR es-CO,63.45,82.48,VACÍO: ningún vídeo largo que lo responda,0,0,0,
qué pasaría si júpiter explotara,es,es-ES es-US es-MX es-AR es-CO,16.425,82.12,VIEJO: solo vídeos largos de hace más de 2 años,6,3,4359656,"¿Qué pasaría si cayeras en Júpiter? (4,359,656 vistas, 5.3 min, hace 2190 días)"
por qué kakashi mató a rin,es,es-ES es-US es-MX es-AR es-CO,34.125,80.74,VIEJO: solo vídeos largos de hace más de 2 años,9,1,682985,"WHY DID KAKASHI KILL RIN? (EXPLANATION) (682,985 vistas, 3.3 min, hace 2190 días)"
qué hay dentro de un zombie,es,es-ES es-US es-MX es-AR es-CO,16.029,80.14,FLOJO: los vídeos largos recientes tienen menos de 20.000 vistas,4,2,15988703,"Qué Hay Dentro de un OSITO DE GOMA GIGANTE de Gelatina? (15,988,703 vistas, 10.1 min, hace 3285 días)"
por qué hello kitty no tiene boca,es,es-ES es-US es-MX es-AR es-CO,16.275,79.19,FLOJO: los vídeos largos recientes tienen menos de 20.000 vistas,8,1,1932954,"La Aterradora Historia de porque Hello Kitty no tiene boca 😱 (1,932,954 vistas, 0.9 min, hace 90 días)"
cómo vivían los primeros pobladores,es,es-ES es-US es-MX es-AR es-CO,11.718,76.17,VACÍO: ningún vídeo largo que lo responda,4,0,3021364,"¿Quiénes Fueron los Primeros Pobladores de América? | Videos Educativos Aula365 (3,021,364 vistas, 3.0 min, hace 2920 días)"
como era la vida sin internet,es,es-ES es-US es-MX es-AR es-CO,69.75,75.98,FLOJO: los vídeos largos recientes tienen menos de 20.000 vistas,7,2,44673,"La vida sin Internet - ¡Porno era el de antes! (44,673 vistas, 7.7 min, hace 5475 días)"
qué pasaría si google no existiera,es,es-ES es-US es-MX es-AR es-CO,15.0,75.0,FLOJO: los vídeos largos recientes tienen menos de 20.000 vistas,5,4,5846282,"¿Qué Pasaría si Minecraft BEDROCK no existiera? (5,846,282 vistas, 11.3 min, hace 1460 días)"
que pasaría si zootopia fuera anime,es,es-ES es-US es-MX es-AR es-CO,15.0,75.0,VIEJO: solo vídeos largos de hace más de 2 años,4,1,9179084,"Sí ""Zootopia"" fuera un anime (4K) (9,179,084 vistas, 4.8 min, hace 2555 días)"
que hay dentro de un vape,es,es-ES es-US es-MX es-AR es-CO,15.0,75.0,VIEJO: solo vídeos largos de hace más de 2 años,2,1,3249392,"¿VAPEAS? Abro un VAPEADOR o CIGARRO ELECTRÓNICO ✂️ ¿Qué Hay Dentro, Cómo Funciona, Es Malo? (3,249,392 vistas, 11.8 min, hace 1095 días)"
historia de o,es,es-ES es-US es-MX es-AR es-CO,20.368,74.73,FLOJO: los vídeos largos recientes tienen menos de 20.000 vistas,17,4,1334564,"Story of O (Histoire d'O) 1975 introduction #2  HD 1080 (1,334,564 vistas, 2.0 min, hace 730 días)"
la verdad sobre katie,es,es-ES es-US es-MX es-AR es-CO,15.0,73.41,FLOJO: los vídeos largos recientes tienen menos de 20.000 vistas,3,3,1947096,"TODA LA VERDAD SOBRE EL HACKEO DE MI CANAL | Katie Angel (1,947,096 vistas, 19.1 min, hace 1825 días)"
qué pasó con nuestro amor,es,es-ES es-US es-MX es-CO,10.375,67.44,VACÍO: ningún vídeo largo que lo responda,16,0,4363857,"LA TROPA CHICANA   QUE PASO CON NUESTRO AMOR (4,363,857 vistas, 3.4 min, hace 4015 días)"
el misterio de soho,es,es-ES es-US es-MX es-AR es-CO,25.943,66.43,VIEJO: solo vídeos largos de hace más de 2 años,16,2,780294,"EL MISTERIO DE SOHO - Tráiler Oficial - Próximamente solo en cines (780,294 vistas, 2.5 min, hace 1825 días)"
por qué kitty no tiene boca,es,es-ES es-US es-MX es-AR es-CO,39.343,65.03,FLOJO: los vídeos largos recientes tienen menos de 20.000 vistas,4,1,326430,"¿POR QUÉ HELLO KITTY NO TIENE BOCA? | Draw My Life (326,430 vistas, 3.3 min, hace 1460 días)"
cuánto cuesta de arcángel,es,es-ES es-US es-AR es-CO,10.0,65.0,VACÍO: ningún vídeo largo que lo responda,12,0,6102135,"Arcangel, Grupo Firme - Cuánto Cuesta (Video Oficial) (6,102,135 vistas, 2.9 min, hace 300 días)"
cómo vivían los guaraníes,es,es-ES es-US es-MX es-AR es-CO,48.45,62.99,VACÍO: ningún vídeo largo que lo responda,0,0,0,
qué pasaría si hubiera un tsunami,es,es-ES es-US es-MX es-AR es-CO,9.675,62.89,VACÍO: ningún vídeo largo que lo responda,2,0,2701011,"¿Qué pasaría si surfearas en un tsunami? (2,701,011 vistas, 5.5 min, hace 2190 días)"
por qué da hipo,es,es-ES es-US es-MX es-AR es-CO,21.375,62.32,VIEJO: solo vídeos largos de hace más de 2 años,9,1,957712,"¿Por Qué Tenemos Hipo? | Canción de Curiosidad | Canciones Infantiles ! | JunyTony en español (957,712 vistas, 3.4 min, hace 1460 días)"
como era la vida de georgina rodríguez,es,es-ES es-US es-MX es-AR es-CO,16.875,59.04,FLOJO: los vídeos largos recientes tienen menos de 20.000 vistas,4,2,1249220,"La DURA VIDA de Georgina Rodríguez ANTES de ENAMORARSE de CR7 (1,249,220 vistas, 4.2 min, hace 1825 días)"
como se construyo el faro de la jument,es,es-ES es-US es-MX es-AR es-CO,15.0,58.11,VACÍO: ningún vídeo largo que lo responda,6,0,990068,"¡La foto de faro más peligrosa jamás tomada! - La Jument (990,068 vistas, 7.5 min, hace 365 días)"
el caso de yoshualuc,es,es-ES es-US es-MX es-AR es-CO,11.518,57.59,VIEJO: solo vídeos largos de hace más de 2 años,9,8,10440310,"Dross presenta: El caso yoshualuc (10,440,310 vistas, 20.6 min, hace 1825 días)"
qué hay dentro de freddy,es,es-ES es-US es-MX es-AR es-CO,15.0,56.22,VIEJO: solo vídeos largos de hace más de 2 años,1,1,1373947,"¿Qué había dentro de la caja de FNAF 4? (Five Nights at Freddy's) (1,373,947 vistas, 19.9 min, hace 1460 días)"
como vivian los nomadas y sedentarios,es,es-ES es-US es-MX es-AR es-CO,27.25,55.79,FLOJO: los vídeos largos recientes tienen menos de 20.000 vistas,14,3,523641,"NOMADS AND SEDENTARY PEOPLE (523,641 vistas, 2.3 min, hace 1825 días)"
gente que desaparecio por saber demasiado,es,es-ES es-US es-MX es-AR es-CO,11.786,55.46,FLOJO: los vídeos largos recientes tienen menos de 20.000 vistas,4,3,1852902,"Personas Que Desaparecieron Por Saber Demasiado (1,852,902 vistas, 23.8 min, hace 1095 días)"
por qué quieres,es,es-ES es-US es-MX es-AR es-CO,10.929,54.65,FLOJO: los vídeos largos recientes tienen menos de 20.000 vistas,8,2,80369855,"Grupo Firme - El Yaki  - Porque Te Quiero - (Official Music Video) (80,369,855 vistas, 3.8 min, hace 2555 días)"
el caso de yellowstone y los lobos,es,es-ES es-US es-MX es-AR es-CO,10.875,54.38,FLOJO: los vídeos largos recientes tienen menos de 20.000 vistas,10,7,4524256,"Los LOBOS de YELLOWSTONE - Documental Completo 2022 (4,524,256 vistas, 59.4 min, hace 1095 días)"
la verdad sobre rubius,es,es-ES es-US es-MX es-AR es-CO,10.833,54.16,VIEJO: solo vídeos largos de hace más de 2 años,5,2,25501832,"LA VERDAD SOBRE RUBIUS (25,501,832 vistas, 7.8 min, hace 2920 días)"
quién fue ulises,es,es-ES es-US es-MX es-AR es-CO,40.5,52.65,VACÍO: ningún vídeo largo que lo responda,0,0,0,
quién fue zeus,es,es-ES es-US es-MX es-AR es-CO,39.375,51.22,VACÍO: ningún vídeo largo que lo responda,1,0,288,"¿Quién es Zeus? Significado y Origen del Nombre del Rey de los Dioses 🔱 (288 vistas, 4.2 min, hace 730 días)"
cómo era la vida sedentaria,es,es-ES es-US es-MX es-AR es-CO,13.5,50.77,VACÍO: ningún vídeo largo que lo responda,3,0,946557,"5 PELIGROS DE LA VIDA SEDENTARIA | Draw My Life con GlóbuloAzul (946,557 vistas, 5.0 min, hace 2920 días)"
como se construyo la represa de itaipu,es,es-ES es-US es-MX es-AR es-CO,10.125,50.62,FLOJO: los vídeos largos recientes tienen menos de 20.000 vistas,5,4,2257943,"MEGACONSTRUCCIONES: LA REPRESA DE ITAIPÚ (2,257,943 vistas, 49.9 min, hace 4015 días)"
qué pasaría si júpiter chocará con la tierra,es,es-ES es-US es-MX es-AR es-CO,10.013,50.06,FLOJO: los vídeos largos recientes tienen menos de 20.000 vistas,3,2,3001914,"¿Qué pasaría si Urano chocara con la Tierra? (3,001,914 vistas, 5.8 min, hace 1825 días)"
por qué se hundió el barco en puerto vallarta,es,es-ES es-US es-MX es-AR es-CO,42.6,49.1,FLOJO: los vídeos largos recientes tienen menos de 20.000 vistas,3,1,76241,"Falla técnica provoca el hundimiento de la Marigalante, símbolo histórico de Puerto Vallarta (76,241 vistas, 1.8 min, hace 330 días)"
como se construyo el puente zarate brazo largo,es,es-ES es-US es-MX es-AR es-CO,28.125,46.23,FLOJO: los vídeos largos recientes tienen menos de 20.000 vistas,16,2,321880,"What no one says about the crash of the ship into the Zarate-Brazo Largo bridge (321,880 vistas, 6.4 min, hace 730 días)"
cuánto cuesta youtube premium,es,es-ES es-US es-MX es-AR es-CO,33.0,44.6,VACÍO: ningún vídeo largo que lo responda,1,0,19803,"Youtube Premium ¿Vale la pena? ¿qué es? ¿cuánto cuesta? ¿qué ventajas tiene? ¿y como funciona? (19,803 vistas, 4.3 min, hace 1825 días)"
por que no y,es,es-ES es-US es-MX es-AR es-CO,33.75,43.88,VACÍO: ningún vídeo largo que lo responda,0,0,0,
cómo funciona chat gpt,es,es-ES es-US es-MX es-AR es-CO,13.5,43.34,VIEJO: solo vídeos largos de hace más de 2 años,3,1,1105128,"CHAT GPT: QUÉ ES, CÓMO FUNCIONA y HASTA DÓNDE PUEDE LLEGAR (1,105,128 vistas, 5.2 min, hace 1095 días)"
como era la vida en nueva españa,es,es-ES es-US es-MX es-AR es-CO,33.75,42.39,VIEJO: solo vídeos largos de hace más de 2 años,4,3,128074,"Aquellos días | Familia, vida doméstica y orden social en la Nueva España (128,074 vistas, 26.8 min, hace 1095 días)"
quién fue hitler,es,es-ES es-US es-MX es-AR es-CO,37.462,42.14,VIEJO: solo vídeos largos de hace más de 2 años,4,1,62475,"¿QUIEN FUE HITLER? LA VIDA DE ADOLF HITLER [Español] 1080p (62,475 vistas, 3.4 min, hace 3650 días)"
la verdad sobre harry quebert,es,es-ES es-US es-MX es-AR es-CO,39.875,41.08,FLOJO: los vídeos largos recientes tienen menos de 20.000 vistas,9,4,15065,"Entrevista a JOËL DICKER (""La verdad sobre el caso Harry Quebert"") (15,065 vistas, 5.3 min, hace 4380 días)"
que hay dentro de un zangbeto,es,es-ES es-US es-MX es-AR es-CO,15.0,39.57,VACÍO: ningún vídeo largo que lo responda,2,0,514742,"El secreto de Zangbeto revelado: ¿Qué hay dentro de la estructura de danza vacía? (514,742 vistas, 3.8 min, hace 1095 días)"
cuánto cuesta el iphone 17,es,es-ES es-US es-MX es-AR es-CO,29.643,38.54,VACÍO: ningún vídeo largo que lo responda,0,0,0,
qué hay dentro de plutón,es,es-ES es-US es-MX es-AR es-CO,29.25,38.02,VACÍO: ningún vídeo largo que lo responda,0,0,0,
quién fue tutankamón,es,es-ES es-US es-MX es-AR es-CO,28.875,37.54,VACÍO: ningún vídeo largo que lo responda,0,0,0,
la verdad sobre el fitness,es,es-ES es-US es-MX es-AR es-CO,28.5,37.05,VACÍO: ningún vídeo largo que lo responda,0,0,0,
cómo vivían antes las personas,es,es-ES es-US es-MX es-AR es-CO,32.805,36.86,FLOJO: los vídeos largos recientes tienen menos de 20.000 vistas,4,3,61849,"¿Por qué los Seres Humanos Vivían hasta los 900 años antes del Diluvio? (61,849 vistas, 13.0 min, hace 1095 días)"
que hay dentro de una galaxia,es,es-ES es-US es-MX es-AR es-CO,35.188,36.52,FLOJO: los vídeos largos recientes tienen menos de 20.000 vistas,1,1,18958,"Lo Más ATERRADOR Que Hay en el Centro de Nuestra Galaxia (18,958 vistas, 52.5 min, hace 365 días)"
que hay dentro de un ojo humano,es,es-ES es-US es-MX es-AR es-CO,27.75,36.08,VACÍO: ningún vídeo largo que lo responda,0,0,0,
qué le pasó a la piña,es,es-US es-MX es-AR es-CO,27.125,35.26,VACÍO: ningún vídeo largo que lo responda,0,0,0,
la sorprendente verdad sobre qué nos motiva,es,es-ES es-US es-MX es-AR es-CO,30.0,35.23,FLOJO: los vídeos largos recientes tienen menos de 20.000 vistas,14,12,87200,"Dan Pink - La sorprendente verdad acerca de lo que realmente nos motiva (87,200 vistas, 10.9 min, hace 5110 días)"
por qué orino mucho,es,es-ES es-US es-MX es-AR es-CO,27.043,35.16,VACÍO: ningún vídeo largo que lo responda,0,0,0,
por qué los gatos ronronean,es,es-ES es-US es-MX es-AR es-CO,11.5,34.95,VIEJO: solo vídeos largos de hace más de 2 años,7,1,1019688,"Por qué ronronean los gatos - CONSEJOS PARA GATOS (1,019,688 vistas, 3.5 min, hace 2920 días)"
por qué ya no sale zague en tv azteca,es,es-ES es-US es-MX es-AR es-CO,15.0,34.86,VACÍO: ningún vídeo largo que lo responda,1,0,393846,"TV Azteca mocks Zague (393,846 vistas, 1.5 min, hace 2920 días)"
porque cancelaron pt,es,es-ES es-US es-MX es-AR es-CO,26.7,34.71,VACÍO: ningún vídeo largo que lo responda,0,0,0,
quién fue krishna,es,es-ES es-US es-MX es-AR es-CO,19.893,34.38,VIEJO: solo vídeos largos de hace más de 2 años,2,2,364224,"🟣 La Vida Completa del DIOS KRISHNA: ¿Quién es? Historia y Simbología (364,224 vistas, 130.7 min, hace 1095 días)"
qué hay dentro de tu ombligo,es,es-ES es-US es-MX es-AR es-CO,17.25,34.19,VACÍO: ningún vídeo largo que lo responda,1,0,262317,"¿Que hay detrás del ombligo? (262,317 vistas, 3.4 min, hace 730 días)"
como se construyo el obelisco,es,es-ES es-US es-MX es-AR es-CO,23.85,33.77,VACÍO: ningún vídeo largo que lo responda,3,0,44599,"Archivo histórico: Construcción del Obelisco (1936) (44,599 vistas, 2.8 min, hace 4380 días)"
quién fue rasputín,es,es-ES es-US es-MX es-AR es-CO,25.5,33.18,VACÍO: ningún vídeo largo que lo responda,1,0,497,"¿Quién Fue?  Rasputín 🧙‍♂️ | Monje Loco de Rusia (497 vistas, 3.3 min, hace 1460 días)"
cómo funciona facebook parejas,es,es-ES es-US es-MX es-AR es-CO,26.25,33.16,VIEJO: solo vídeos largos de hace más de 2 años,7,2,131526,"Como funciona o Facebook Namoro [Todos os Detalhes] - Funciona em 2025 (131,526 vistas, 10.3 min, hace 1460 días)"
el misterio de marie rogêt,es,es-ES es-US es-MX es-AR es-CO,32.143,33.15,FLOJO: los vídeos largos recientes tienen menos de 20.000 vistas,19,16,15613,"El misterio de Marie Rogêt - Edgar Allan Poe - cuento en audiolibro (15,613 vistas, 121.0 min, hace 1460 días)"
el caso de quiero agua,es,es-ES es-US es-MX es-AR es-CO,16.65,33.04,VIEJO: solo vídeos largos de hace más de 2 años,5,1,492197,"Quiero agua (492,197 vistas, 0.4 min, hace 365 días)"
qué pasó en ucrania,es,es-ES es-US es-MX es-AR es-CO,23.55,32.89,VACÍO: ningún vídeo largo que lo responda,1,0,37085,"Ucrania ataca Moscú: ¿qué pasó? En 2 minutos 🇺🇦🇷🇺 #enresumen #geopolítica #explicado (37,085 vistas, 2.0 min, hace 14 días)"
quién fue abraham,es,es-ES es-US es-MX es-AR es-CO,25.125,32.66,VACÍO: ningún vídeo largo que lo responda,0,0,0,
como jugar vivian zzz,es,es-ES es-US es-MX es-AR es-CO,30.0,32.22,FLOJO: los vídeos largos recientes tienen menos de 20.000 vistas,4,1,36935,"Vivian Simplified Guide | ZZZ Made EZ (36,935 vistas, 5.3 min, hace 365 días)"
el misterio de peacock,es,es-ES es-US es-MX es-AR es-CO,30.562,31.69,VIEJO: solo vídeos largos de hace más de 2 años,5,1,18436,"El Misterio De Peacock DVD XviD www DivxTotaL com (18,436 vistas, 71.3 min, hace 3650 días)"
qué hay dentro de un volcán,es,es-ES es-US es-MX es-AR es-CO,30.693,31.63,FLOJO: los vídeos largos recientes tienen menos de 20.000 vistas,4,3,15295,"¿Qué ocurre dentro de un volcán antes de una erupción? (15,295 vistas, 12.5 min, hace 60 días)"
quién fue nelson mandela,es,es-ES es-US es-MX es-AR es-CO,23.518,31.45,VIEJO: solo vídeos largos de hace más de 2 años,4,1,168574,"¿Quién es Nelson Mandela? / Conoce la vida de Nelson Mandela (168,574 vistas, 2.9 min, hace 4745 días)"
cuánto cuesta borrarse un tatuaje,es,es-ES es-US es-MX es-AR es-CO,23.625,31.17,VACÍO: ningún vídeo largo que lo responda,3,0,7493,"CUANTO  CUESTA BORRAR UN TATUAJE? (7,493 vistas, 2.0 min, hace 2920 días)"
qué pasó en washington,es,es-ES es-US es-MX es-AR es-CO,30.0,31.05,FLOJO: los vídeos largos recientes tienen menos de 20.000 vistas,1,1,17535,"Trump Evacuado Tras Ataque Armado en Washington | ¿Qué Pasó Realmente en la Cena de la Casa Blanca? (17,535 vistas, 41.7 min, hace 150 días)"
porque desaparecio el fonden,es,es-ES es-US es-MX es-AR es-CO,18.0,30.46,VIEJO: solo vídeos largos de hace más de 2 años,12,1,345988,"Hay INTENSO DEBATE por la desaparición del FONDEN durante el sexenio de López Obradror (345,988 vistas, 1.6 min, hace 330 días)"
el caso de la panadería vacuna,es,es-ES es-US es-MX es-AR es-CO,13.425,29.09,VACÍO: ningún vídeo largo que lo responda,2,0,333491,"El caso de la panadería Baku… 💀 #reels #terrorymisterio #tiktok #viralvideo (333,491 vistas, 0.7 min, hace 365 días)"
por qué no,es,es-ES es-US es-MX es-AR es-CO,22.088,28.71,VACÍO: ningún vídeo largo que lo responda,0,0,0,
cuánto cuesta quitarse un tatuaje,es,es-ES es-US es-MX es-AR es-CO,21.375,28.2,VACÍO: ningún vídeo largo que lo responda,1,0,7493,"CUANTO  CUESTA BORRAR UN TATUAJE? (7,493 vistas, 2.0 min, hace 2920 días)"
el misterio de belicena villca,es,es-ES es-US es-MX es-AR es-CO,24.83,28.17,FLOJO: los vídeos largos recientes tienen menos de 20.000 vistas,20,20,67341,"1. (AUDIOLIBRO) EL MISTERIO DE BELICENA VILLCA. (67,341 vistas, 51.9 min, hace 2190 días)"
el barco que se hundió por un tsunami,es,es-ES es-US es-MX es-AR es-CO,21.75,28.16,FLOJO: los vídeos largos recientes tienen menos de 20.000 vistas,2,1,147263,"Barco de la Guardia Costera japonesa superó ola del tsunami (147,263 vistas, 0.6 min, hace 5475 días)"
cuánto cuesta la play 5,es,es-ES es-US es-MX es-AR es-CO,21.573,28.04,VACÍO: ningún vídeo largo que lo responda,0,0,0,
quién fue buda,es,es-ES es-US es-MX es-AR es-CO,27.793,27.84,FLOJO: los vídeos largos recientes tienen menos de 20.000 vistas,2,1,880,"¿Quién es el Verdadero Buda? – El Delgado y el Sonriente (880 vistas, 6.6 min, hace 365 días)"
el misterio de aaravos,es,es-ES es-US es-MX es-AR es-CO,21.3,27.83,VACÍO: ningún vídeo largo que lo responda,1,0,2583,"El Príncipe Dragon: El Misterio de Aaravos (Trailer español) (2,583 vistas, 1.6 min, hace 730 días)"
por qué ya no tengo deseo sexual,es,es-ES es-US es-MX es-AR es-CO,20.475,26.62,VACÍO: ningún vídeo largo que lo responda,0,0,0,
que hay dentro de una pokebola,es,es-ES es-US es-MX es-AR es-CO,14.63,26.35,VACÍO: ningún vídeo largo que lo responda,4,0,192664,"Una pokebola por dentro (192,664 vistas, 0.9 min, hace 5110 días)"
por qué desapareció tun tun tun saúl,es,es-ES es-US es-MX es-AR es-CO,19.642,26.32,VACÍO: ningún vídeo largo que lo responda,1,0,15313,"WHY WAS TUN TUN SAHUR ELIMINATED IN STEAL A BRAINROT? (15,313 vistas, 2.4 min, hace 365 días)"
por qué y porque,es,es-ES es-US es-MX es-AR es-CO,11.25,26.23,VIEJO: solo vídeos largos de hace más de 2 años,14,2,665990,"🟣 USO DE POR QUÉ: POR QUÉ, PORQUE, POR QUÉ, POR QUÉ (665,990 vistas, 5.0 min, hace 2920 días)"
cuánto cuesta windows 11,es,es-ES es-US es-MX es-AR es-CO,20.062,26.08,VACÍO: ningún vídeo largo que lo responda,0,0,0,
como vivian los judios antes de la segunda guerra mundial,es,es-ES es-US es-MX es-AR es-CO,17.25,26.06,FLOJO: los vídeos largos recientes tienen menos de 20.000 vistas,3,3,255422,"La vida judía antes de la Segunda Guerra Mundial (255,422 vistas, 15.1 min, hace 1460 días)"
como vivían los diaguitas,es,es-ES es-US es-MX es-AR es-CO,20.025,26.03,VACÍO: ningún vídeo largo que lo responda,0,0,0,
el caso de la rubia platino,es,es-ES es-US es-MX es-AR,10.504,26.03,VIEJO: solo vídeos largos de hace más de 2 años,18,2,739101,"Leiva - El Caso de la Rubia Platino (739,101 vistas, 4.1 min, hace 2190 días)"
qué pasaría si un nokia se rompiera,es,es-ES es-US es-MX es-AR es-CO,19.918,25.9,VACÍO: ningún vídeo largo que lo responda,2,0,59,"Que pasaria si un nokia se ROMPIERA #shorts (59 vistas, 1.2 min, hace 180 días)"
como se hizo pesadilla antes de navidad,es,es-ES es-US es-MX es-AR es-CO,11.463,25.85,FLOJO: los vídeos largos recientes tienen menos de 20.000 vistas,8,5,627675,"PESADILLA ANTES DE NAVIDAD | Draw My Life (627,675 vistas, 4.6 min, hace 2190 días)"
como se construyo la zona hotelera de cancun,es,es-ES es-US es-MX es-AR es-CO,16.667,25.51,VACÍO: ningún vídeo largo que lo responda,6,0,88568,"COMO ES EL CENTRO DE LA ZONA HOTELERA DE CANCÚN. QUE HACER EN CANCÚN. QUE NECESITAS SABER DE CANCÚN. (88,568 vistas, 4.7 min, hace 2555 días)"
cuánto cuesta open english,es,es-ES es-US es-MX es-AR es-CO,23.25,25.4,VIEJO: solo vídeos largos de hace más de 2 años,2,1,46218,"Cuanto Cuesta OPEN ENGLISH | Soy Sarf (46,218 vistas, 9.6 min, hace 1460 días)"
que hay dentro de la kaaba en la meca,es,es-ES es-US es-MX es-AR es-CO,18.25,25.3,VACÍO: ningún vídeo largo que lo responda,1,0,33195,"¿Qué hay dentro de La Meca? (33,195 vistas, 1.8 min, hace 2920 días)"
el caso de phineas gage,es,es-ES es-US es-MX es-AR es-CO,13.5,25.13,FLOJO: los vídeos largos recientes tienen menos de 20.000 vistas,19,7,430822,"The Story of Phineas Gage VTS 02 1 (430,822 vistas, 11.8 min, hace 4380 días)"
como se construyo yacyretá,es,es-ES es-US es-MX es-AR es-CO,15.0,25.05,VIEJO: solo vídeos largos de hace más de 2 años,2,2,335120,"Construcción de la Central Hidroeléctrica Yacyretá (335,120 vistas, 12.3 min, hace 3650 días)"
que hay dentro de un ojo,es,es-ES es-US es-MX es-AR es-CO,19.25,25.03,VACÍO: ningún vídeo largo que lo responda,0,0,0,
qué pasó con vinicius junior,es,es-ES es-US es-MX es-AR es-CO,19.2,24.96,VACÍO: ningún vídeo largo que lo responda,0,0,0,
quién fue zaratustra,es,es-ES es-US es-MX es-AR es-CO,19.087,24.81,VACÍO: ningún vídeo largo que lo responda,0,0,0,
el misterio de elche,es,es-ES es-US es-MX es-AR es-CO,19.2,24.76,VIEJO: solo vídeos largos de hace más de 2 años,9,3,144710,"El misterio de La Dama de Elche. Cuarto Milenio CuatroTV (144,710 vistas, 7.2 min, hace 4015 días)"
qué pasaría si colombia gana el mundial,es,es-ES es-US es-AR es-CO,15.75,24.47,VACÍO: ningún vídeo largo que lo responda,1,0,97510,"¿QUE PASARIA SI COLOMBIA GANARA LA COPA MUNDIAL 2026? (97,510 vistas, 7.1 min, hace 365 días)"
que hay dentro de un grano,es,es-ES es-US es-MX es-AR es-CO,18.75,24.38,VACÍO: ningún vídeo largo que lo responda,0,0,0,
quién fue maquiavelo,es,es-ES es-US es-MX es-AR es-CO,23.675,24.26,FLOJO: los vídeos largos recientes tienen menos de 20.000 vistas,3,1,12393,"¿Quién fue Maquiavelo? | 13 Historia del Pensamiento Político | Dibujos animados (12,393 vistas, 3.4 min, hace 730 días)"
el misterio de hannah larson,es,es-ES es-US es-MX es-AR es-CO,23.062,23.98,FLOJO: los vídeos largos recientes tienen menos de 20.000 vistas,7,2,19798,"EL MISTERIO DE HANNAH POWER - AUDIOLIBRO de MISTERIO de MARJORIE BOWEN - (Audiolibro Completo) (19,798 vistas, 43.1 min, hace 365 días)"
qué pasaría si venezuela no existiera,es,es-ES es-US es-MX es-AR es-CO,12.15,23.74,VACÍO: ningún vídeo largo que lo responda,2,0,251359,"Que pasaría si Venezuela muere? #humor #countryballs (251,359 vistas, 0.5 min, hace 1095 días)"
cómo se hizo tron película,es,es-ES es-US es-MX es-AR es-CO,15.0,23.62,FLOJO: los vídeos largos recientes tienen menos de 20.000 vistas,7,6,287482,"Cómo se hizo Tron (1982) - Documental completo (287,482 vistas, 88.4 min, hace 2190 días)"
quién fue isaías,es,es-ES es-US es-MX es-AR es-CO,17.775,23.29,VACÍO: ningún vídeo largo que lo responda,1,0,3873,"✴️¿Quién fue el profeta ISAÍAS? 📜 Historias de la Biblia (3,873 vistas, 2.8 min, hace 730 días)"
historia de zaqueo en la biblia,es,es-ES es-US es-MX es-AR,12.188,23.15,FLOJO: los vídeos largos recientes tienen menos de 20.000 vistas,5,2,449804,"Historias de la Biblia - Zaqueo (449,804 vistas, 1.9 min, hace 2190 días)"
el misterio de pale horse,es,es-ES es-US es-MX es-AR es-CO,12.15,22.38,FLOJO: los vídeos largos recientes tienen menos de 20.000 vistas,15,7,420833,"Agatha Christie’s The Pale Horse - Official Trailer | Prime Video (420,833 vistas, 2.2 min, hace 2190 días)"
cómo funciona zelle,es,es-ES es-US es-MX es-AR es-CO,21.75,22.37,FLOJO: los vídeos largos recientes tienen menos de 20.000 vistas,9,1,14361,"🤔 ¿Qué es y Cómo Funciona ZELLE? (14,361 vistas, 2.5 min, hace 365 días)"
porque se hundio el marigalante,es,es-ES es-US es-MX es-AR es-CO,19.286,22.23,FLOJO: los vídeos largos recientes tienen menos de 20.000 vistas,4,1,76241,"Falla técnica provoca el hundimiento de la Marigalante, símbolo histórico de Puerto Vallarta (76,241 vistas, 1.8 min, hace 330 días)"
quién fue sócrates,es,es-ES es-US es-MX es-AR es-CO,13.625,22.2,FLOJO: los vídeos largos recientes tienen menos de 20.000 vistas,3,1,314796,"¿Quién fue Sócrates? (314,796 vistas, 6.1 min, hace 2555 días)"
por qué se hundió el barco en indonesia,es,es-ES es-US es-MX es-AR es-CO,16.667,22.14,VACÍO: ningún vídeo largo que lo responda,8,0,10877,"DESAPARECIDOS  | Naufragio de un barco turístico en Indonesia deja cuatro españoles sin rastro (10,877 vistas, 0.8 min, hace 270 días)"
por qué desapareció soren,es,es-ES es-US es-MX es-AR es-CO,15.0,21.87,VACÍO: ningún vídeo largo que lo responda,1,0,60650,"¿Por qué desapareció Soren? | Investigación en Minecraft (60,650 vistas, 7.8 min, hace 240 días)"
por qué desapareció icona,es,es-ES es-US es-MX es-AR es-CO,16.5,21.45,VACÍO: ningún vídeo largo que lo responda,0,0,0,
como se construyo dubai en el medio del desierto,es,es-ES es-US es-MX es-AR es-CO,18.75,21.35,FLOJO: los vídeos largos recientes tienen menos de 20.000 vistas,3,2,69205,"Dubái: la ciudad ultramoderna que ‘brotó’ en medio del desierto (69,205 vistas, 6.7 min, hace 365 días)"
quién fue rockefeller,es,es-ES es-US es-MX es-AR es-CO,19.318,21.04,VIEJO: solo vídeos largos de hace más de 2 años,2,1,44452,"¿Quién era David Rockefeller? (44,452 vistas, 1.6 min, hace 3285 días)"
la verdad sobre groenlandia,es,es-ES es-US es-MX es-AR es-CO,9.75,20.8,VACÍO: ningún vídeo largo que lo responda,3,0,320542,"Dinamarca lanza dura advertencia a Trump por amenazas sobre Groenlandia (320,542 vistas, 2.5 min, hace 270 días)"
que hay dentro de una nube,es,es-ES es-US es-MX es-AR es-CO,15.95,20.73,VACÍO: ningún vídeo largo que lo responda,0,0,0,
cómo era la vida en la época colonial,es,es-ES es-US es-MX es-AR es-CO,13.286,20.45,VACÍO: ningún vídeo largo que lo responda,2,0,91958,"La vida en la Época Colonial para niños (91,958 vistas, 3.9 min, hace 2190 días)"
qué pasaría si one piece,es,es-ES es-US es-MX es-AR es-CO,15.0,20.43,VACÍO: ningún vídeo largo que lo responda,1,0,23952,"WHAT WILL HAPPEN WITH THE ONE PIECE LATIN AMERICAN DUB? | ONE PIECE NEWS (23,952 vistas, 6.0 min, hace 2 días)"
por qué se hundió el olympic,es,es-ES es-US es-MX es-AR es-CO,15.6,20.32,VACÍO: ningún vídeo largo que lo responda,1,0,893,"¿Y si el Titanic nunca se hundió? La inquietante teoría del Olympic (893 vistas, 7.2 min, hace 365 días)"
la verdad sobre herbalife,es,es-ES es-US es-MX es-AR es-CO,11.925,20.09,FLOJO: los vídeos largos recientes tienen menos de 20.000 vistas,5,3,342294,"¡LA VERDAD SOBRE HERBALIFE! (342,294 vistas, 4.4 min, hace 3650 días)"
cuánto cuesta youtube premium en argentina,es,es-ES es-US es-MX es-AR es-CO,13.993,20.06,VACÍO: ningún vídeo largo que lo responda,7,0,51383,"YouTube PREMIUM BARATO: Como Suscribirte a su Plan Premium Argentina | ¡¡Hasta 85% de Ahorro!! (51,383 vistas, 4.8 min, hace 1460 días)"
por porque se hundio pedro jw,es,es-ES es-US es-MX es-AR es-CO,20.0,20.03,FLOJO: los vídeos largos recientes tienen menos de 20.000 vistas,1,1,865,"Pedro No Se Hundió Por Miedo: La Verdad Que Cambia Todo Lo Que Creías Saber (865 vistas, 26.0 min, hace 150 días)"
qué hay dentro de todos los planetas,es,es-ES es-US es-MX es-AR es-CO,15.0,20.03,FLOJO: los vídeos largos recientes tienen menos de 20.000 vistas,3,3,167797,"¿Qué hay dentro de los planetas del sistema solar? (167,797 vistas, 14.0 min, hace 2920 días)"
qué pasaría si quico se juntara con la chusma,es,es-ES es-US es-MX es-AR es-CO,15.0,19.86,VACÍO: ningún vídeo largo que lo responda,1,0,9276,"¿Qué pasaría si kiko se juntara con la chusma? | DEBATE SERIO (9,276 vistas, 2.0 min, hace 2190 días)"
por qué se hundió el vasa,es,es-ES es-US es-MX es-AR es-CO,19.765,19.79,FLOJO: los vídeos largos recientes tienen menos de 20.000 vistas,6,4,594,"El Error de Ingeniería que Hundió al Vasa en Solo 20 Minutos (594 vistas, 11.8 min, hace 30 días)"
qué le pasó a diego j,es,es-ES es-US es-MX es-AR es-CO,15.15,19.7,VACÍO: ningún vídeo largo que lo responda,0,0,0,
por qué se hundió cubagua,es,es-ES es-US es-MX es-AR es-CO,15.0,19.58,VACÍO: ningún vídeo largo que lo responda,1,0,2130,"Gabarra Hundida - Isla de Cubagua (2,130 vistas, 0.8 min, hace 5475 días)"
cómo funciona nu,es,es-US es-MX es-CO,13.1,19.52,FLOJO: los vídeos largos recientes tienen menos de 20.000 vistas,4,1,245090,"Cómo funciona la Tarjeta de Crédito Nu vs tarjetas bancarias (245,090 vistas, 5.2 min, hace 730 días)"
qué pasaría si quedan grumos en la preparación,es,es-ES es-US es-MX es-AR es-CO,15.0,19.5,VACÍO: ningún vídeo largo que lo responda,0,0,0,
cómo se hizo inglaterra de las islas malvinas,es,es-ES es-US es-MX es-AR es-CO,15.0,19.5,VACÍO: ningún vídeo largo que lo responda,0,0,0,
como se hizo kratos la cicatriz del ojo,es,es-ES es-US es-MX es-AR es-CO,15.0,19.5,VACÍO: ningún vídeo largo que lo responda,0,0,0,
cómo se hizo organelo alcalá,es,es-ES es-US es-MX es-AR es-CO,15.0,19.5,VACÍO: ningún vídeo largo que lo responda,0,0,0,
como se hizo utahime la cicatriz,es,es-ES es-US es-MX es-AR es-CO,15.0,19.5,VACÍO: ningún vídeo largo que lo responda,0,0,0,
por qué ya no ovulo,es,es-ES es-US es-MX es-AR es-CO,15.0,19.5,VACÍO: ningún vídeo largo que lo responda,0,0,0,
como vivian los burgueses,es,es-ES es-US es-MX es-AR es-CO,15.0,19.5,VACÍO: ningún vídeo largo que lo responda,0,0,0,
cómo vivían después de la llegada de los españoles,es,es-ES es-US es-MX es-AR es-CO,15.0,19.5,VACÍO: ningún vídeo largo que lo responda,0,0,0,
cómo vivían los querandíes,es,es-ES es-US es-MX es-AR es-CO,15.0,19.5,VACÍO: ningún vídeo largo que lo responda,0,0,0,
como vivian rumi-sonco y cori-sonco,es,es-ES es-US es-MX es-AR es-CO,15.0,19.5,VACÍO: ningún vídeo largo que lo responda,0,0,0,
como vivian tradicionalmente los tuareg,es,es-ES es-US es-MX es-AR es-CO,15.0,19.5,VACÍO: ningún vídeo largo que lo responda,0,0,0,
cómo vivían los wichis,es,es-ES es-US es-MX es-AR es-CO,15.0,19.5,VACÍO: ningún vídeo largo que lo responda,0,0,0,
cómo era la vida en oasisamérica,es,es-ES es-US es-MX es-AR es-CO,15.0,19.5,VACÍO: ningún vídeo largo que lo responda,0,0,0,
cómo era la vida política de méxico en el siglo xix,es,es-ES es-US es-MX es-AR es-CO,15.0,19.5,VACÍO: ningún vídeo largo que lo responda,0,0,0,
que cajeros hay dentro de walmart,es,es-ES es-US es-MX es-AR es-CO,15.0,19.5,VACÍO: ningún vídeo largo que lo responda,0,0,0,
que hay dentro de los protones y neutrones,es,es-ES es-US es-MX es-AR es-CO,15.0,19.5,VACÍO: ningún vídeo largo que lo responda,0,0,0,
que hay dentro del yate de the forest,es,es-ES es-US es-MX es-AR es-CO,15.0,19.5,VACÍO: ningún vídeo largo que lo responda,0,0,0,
cuánto cuesta warzone,es,es-ES es-US es-MX es-AR es-CO,15.0,19.5,VACÍO: ningún vídeo largo que lo responda,0,0,0,
cuánto cuesta zombies,es,es-ES es-US es-MX es-AR es-CO,15.0,19.5,VACÍO: ningún vídeo largo que lo responda,0,0,0,
como se construyo odaiba,es,es-ES es-US es-MX es-AR es-CO,15.0,19.5,VACÍO: ningún vídeo largo que lo responda,0,0,0,
como se construyo urra,es,es-ES es-US es-MX es-AR es-CO,15.0,19.5,VACÍO: ningún vídeo largo que lo responda,0,0,0,
por qué desapareció kawaii,es,es-ES es-US es-MX es-AR es-CO,15.0,19.5,VACÍO: ningún vídeo largo que lo responda,0,0,0,
porque desaparecio nextel,es,es-ES es-US es-MX es-AR es-CO,15.0,19.5,VACÍO: ningún vídeo largo que lo responda,0,0,0,
por que desaparecio olx,es,es-ES es-US es-MX es-AR es-CO,15.0,19.5,VACÍO: ningún vídeo largo que lo responda,0,0,0,
por qué crees que dios desapareció a la antigua sociedad,es,es-ES es-US es-MX es-AR es-CO,15.0,19.5,VACÍO: ningún vídeo largo que lo responda,0,0,0,
quién fue diógenes,es,es-ES es-US es-MX es-AR es-CO,14.568,19.46,FLOJO: los vídeos largos recientes tienen menos de 20.000 vistas,3,1,168021,"El día que ALEJANDRO MAGNO fue a ver a DIÓGENES - La anécdota histórica más surrealista del mundo (168,021 vistas, 5.2 min, hace 365 días)"
barco que se hundió por un tsunami,es,es-ES es-US es-MX es-AR es-CO,15.0,19.42,FLOJO: los vídeos largos recientes tienen menos de 20.000 vistas,3,2,147263,"Barco de la Guardia Costera japonesa superó ola del tsunami (147,263 vistas, 0.6 min, hace 5475 días)"
qué pasaría si yo fuera el dueño de tu corazón por solo un día,es,es-ES es-US es-MX es-AR es-CO,14.208,19.25,VACÍO: ningún vídeo largo que lo responda,2,0,21213,"que tan loco seria si yo fuera el dueño de tu corazón por solo un día ❤️❤️❤️ (21,213 vistas, 0.5 min, hace 1825 días)"
qué pasó en octubre de 1582,es,es-ES es-US es-MX es-AR es-CO,15.3,18.91,FLOJO: los vídeos largos recientes tienen menos de 20.000 vistas,5,1,117812,"¿Por qué El Mes De Octubre Pasó Del 4 Al 15? (117,812 vistas, 4.7 min, hace 1460 días)"
por qué zumba el oído izquierdo,es,es-ES es-US es-MX es-AR es-CO,9.4,18.88,VACÍO: ningún vídeo largo que lo responda,2,0,272416,"¿Por Qué Te ZUMBA el Oído? (Cuándo SÍ Preocuparte) (272,416 vistas, 7.6 min, hace 210 días)"
cómo era la vida de los incas,es,es-ES es-US es-MX es-AR es-CO,11.205,18.66,VACÍO: ningún vídeo largo que lo responda,1,0,140618,"¿Cómo era la vida en el imperio Inca? (140,618 vistas, 6.0 min, hace 3285 días)"
qué le pasó a nuestra madrastra,es,es-ES es-US es-MX es-AR es-CO,14.3,18.59,VACÍO: ningún vídeo largo que lo responda,0,0,0,
porque pipepino desaparecio de la nada,es,es-ES es-US es-MX es-AR es-CO,18.5,18.54,FLOJO: los vídeos largos recientes tienen menos de 20.000 vistas,1,1,979,"GUIBEL REACCIONA A: ""POR QUÉ PIPEPINO DESAPARECIÓ DE LA NADA"" (979 vistas, 20.1 min, hace 240 días)"
por qué kimberly se fue de la casa,es,es-ES es-US es-MX es-AR es-CO,17.0,18.52,VIEJO: solo vídeos largos de hace más de 2 años,2,1,44707,"Why I KICKED KIMBERLY FLORES out of La Casa de los Famosos - Edwin Luna | Gabriel Roa (44,707 vistas, 69.9 min, hace 1095 días)"
por qué zumba el oído derecho,es,es-ES es-US es-MX es-AR es-CO,9.15,18.38,VACÍO: ningún vídeo largo que lo responda,2,0,272416,"¿Por Qué Te ZUMBA el Oído? (Cuándo SÍ Preocuparte) (272,416 vistas, 7.6 min, hace 210 días)"
qué pasaría si vegito y gogeta se fusionan,es,es-ES es-US es-MX es-AR es-CO,15.45,18.23,VIEJO: solo vídeos largos de hace más de 2 años,2,1,89977,"Who is GOGITO the SUPREME FUSION? || The FUSION between VEGITO and GOGETA || EXPLAINED (89,977 vistas, 8.8 min, hace 1095 días)"
la verdad sobre un sueño posible,es,es-ES es-US es-MX es-AR es-CO,13.5,18.18,VACÍO: ningún vídeo largo que lo responda,1,0,18015,"La polémica de 'Un sueño posible': engañaron a Michael Oher, la película no contó la verdad (18,015 vistas, 3.1 min, hace 1095 días)"
cuánto cuesta alexa,es,es-ES es-US es-MX es-AR es-CO,13.725,17.85,VACÍO: ningún vídeo largo que lo responda,1,0,247,"Cuánto cuesta Alexa de Amazon y como conseguirlo muy barato (247 vistas, 0.5 min, hace 2555 días)"
qué pasaría si trabajar fuera ilegal,es,es-ES es-US es-MX es-AR es-CO,13.675,17.78,VACÍO: ningún vídeo largo que lo responda,0,0,0,
que hay dentro de una bateria,es,es-ES es-US es-MX es-AR es-CO,16.875,17.71,VIEJO: solo vídeos largos de hace más de 2 años,3,2,24601,"OS ENSEÑO COMO ES UNA BATERIA POR DENTRO DE PLOMO ACIDO DE TODA LA VIDA Y LA AGM ¡¡ ES MUY CURIOSO¡¡ (24,601 vistas, 15.2 min, hace 1095 días)"
qué pasaría si bolivia tuviera mar,es,es-ES es-US es-MX es-AR es-CO,13.5,17.67,VACÍO: ningún vídeo largo que lo responda,3,0,3557,"¿Qué pasaría si? Bolivia tuviera mar | Teoría Seria | (3,557 vistas, 2.8 min, hace 1825 días)"
cuánto cuesta youtube sin anuncios,es,es-ES es-US es-MX es-AR es-CO,11.475,17.66,VACÍO: ningún vídeo largo que lo responda,2,0,91913,"DESCARGAR YOUTUBE Sin ANUNCIOS | 2026 SMART TV, ANDROID TV, CHROMECAST, FIRESTICK (91,913 vistas, 4.2 min, hace 240 días)"
cómo era kiko en la vida real,es,es-ES es-US es-MX es-AR es-CO,13.5,17.55,VACÍO: ningún vídeo largo que lo responda,0,0,0,
el caso de zemfira y ebba,es,es-ES es-US es-MX es-AR es-CO,13.5,17.55,VACÍO: ningún vídeo largo que lo responda,0,0,0,
cómo funciona zangi,es,es-ES es-US es-MX es-AR es-CO,13.425,17.45,VACÍO: ningún vídeo largo que lo responda,0,0,0,
por que ya no sale karla iberia sánchez,es,es-ES es-US es-MX es-AR es-CO,15.0,17.34,VIEJO: solo vídeos largos de hace más de 2 años,18,4,77869,"Karla Iberia Sánchez, Denise Maerker y Paola Rojas imitan a Grupo Límite en posada de Televisa (77,869 vistas, 1.3 min, hace 2920 días)"
por que se hundio el marigalante,es,es-ES es-US es-MX es-AR es-CO,15.0,17.29,FLOJO: los vídeos largos recientes tienen menos de 20.000 vistas,6,2,76241,"Falla técnica provoca el hundimiento de la Marigalante, símbolo histórico de Puerto Vallarta (76,241 vistas, 1.8 min, hace 330 días)"
qué pasaría si bob esponja muriera,es,es-ES es-US es-MX es-AR es-CO,12.375,17.11,VACÍO: ningún vídeo largo que lo responda,2,0,31660,"Bob Esponja ha muerto ✝️🪦¿Que pasaría si muriera Bob? 🥺 (31,660 vistas, 0.6 min, hace 300 días)"
la verdad sobre unicef,es,es-ES es-US es-MX es-AR es-CO,13.125,17.07,VACÍO: ningún vídeo largo que lo responda,1,0,340,"UNICEF habla sobre educación (340 vistas, 1.6 min, hace 2190 días)"
cómo funciona ometv,es,es-ES es-US es-MX es-AR es-CO,13.087,17.01,VACÍO: ningún vídeo largo que lo responda,0,0,0,
cómo funciona jimmy night,es,es-ES es-US es-MX es-AR es-CO,13.075,17.0,VACÍO: ningún vídeo largo que lo responda,0,0,0,
quién fue zacarías,es,es-ES es-US es-MX es-AR es-CO,12.868,16.73,VACÍO: ningún vídeo largo que lo responda,0,0,0,
cuánto cuesta google,es,es-ES es-US es-MX es-AR es-CO,12.838,16.69,VACÍO: ningún vídeo largo que lo responda,0,0,0,
cómo era la vida urbana,es,es-ES es-US es-MX es-AR es-CO,15.0,16.56,FLOJO: los vídeos largos recientes tienen menos de 20.000 vistas,4,3,51988,"El resurgimiento de la vida urbana y del comercio - Historia (51,988 vistas, 3.2 min, hace 2555 días)"
por qué orino tanto,es,es-ES es-US es-MX es-AR es-CO,16.293,16.55,FLOJO: los vídeos largos recientes tienen menos de 20.000 vistas,1,1,7889,"¿Por qué orino tanto de noche? | Urólogo Revela la Verdad (7,889 vistas, 9.1 min, hace 300 días)"
que hay dentro de una pila,es,es-ES es-US es-MX es-AR es-CO,10.312,16.35,VACÍO: ningún vídeo largo que lo responda,3,0,109638,"QUE HAY DENTRO DE UNA PILA DURACELL? | Destroza Tec. (109,638 vistas, 6.0 min, hace 3650 días)"
porque desapareció kwai,es,es-US es-CO,10.767,16.16,VACÍO: ningún vídeo largo que lo responda,1,0,77287,"¿KWAI GOLD DEJÓ DE FUNCIONAR O DESAPARECIÓ? ¡MIRA CÓMO RESOLVERLO Y CÓMO VOLVER A GANAR DINERO EN... (77,287 vistas, 5.3 min, hace 1460 días)"
que pasaria si william afton no hubiera muerto,es,es-ES es-US es-MX es-AR es-CO,15.9,16.11,FLOJO: los vídeos largos recientes tienen menos de 20.000 vistas,4,1,6745,"¿Qué pasaría si William Afton nunca hubiera creado Freddy Fazbear's? (6,745 vistas, 17.7 min, hace 2 días)"
como funciona vivian zzz,es,es-ES es-US es-MX es-AR es-CO,15.0,16.11,FLOJO: los vídeos largos recientes tienen menos de 20.000 vistas,4,2,36935,"Vivian Simplified Guide | ZZZ Made EZ (36,935 vistas, 5.3 min, hace 365 días)"
el misterio de yonaguni,es,es-ES es-US es-MX es-AR es-CO,15.0,16.0,FLOJO: los vídeos largos recientes tienen menos de 20.000 vistas,12,7,33392,"Una Ciudad en el Fondo del Mar?? (El misterio de Yonaguni) (33,392 vistas, 4.2 min, hace 2555 días)"
cómo funciona kueski pay,es,es-ES es-US es-MX es-AR es-CO,12.68,15.92,FLOJO: los vídeos largos recientes tienen menos de 20.000 vistas,16,6,127688,"How to Buy on Credit Without a Card: Kueski Pay | PARÉNTESIS (127,688 vistas, 3.2 min, hace 1825 días)"
qué pasó en washington dc,es,es-ES es-US es-MX es-AR es-CO,15.375,15.91,FLOJO: los vídeos largos recientes tienen menos de 20.000 vistas,2,1,17535,"Trump Evacuado Tras Ataque Armado en Washington | ¿Qué Pasó Realmente en la Cena de la Casa Blanca? (17,535 vistas, 41.7 min, hace 150 días)"
la verdad sobre perros y gatos donde ver,es,es-ES es-US es-MX es-AR es-CO,12.0,15.89,VACÍO: ningún vídeo largo que lo responda,1,0,9399,"Promo La verdad sobre perros y gatos (16/07/2001) Película emitida por Antena 3 (9,399 vistas, 0.2 min, hace 2920 días)"
quién fue nostradamus,es,es-ES es-US es-MX es-AR es-CO,12.193,15.85,VACÍO: ningún vídeo largo que lo responda,0,0,0,
la verdad sobre boston medical group,es,es-ES es-US es-MX es-AR es-CO,15.0,15.83,FLOJO: los vídeos largos recientes tienen menos de 20.000 vistas,5,1,27795,"Testimonio de paciente Boston Medical Group Colombia (27,795 vistas, 1.9 min, hace 4380 días)"
por que orino sangre,es,es-ES es-US es-MX es-AR es-CO,12.15,15.8,VACÍO: ningún vídeo largo que lo responda,0,0,0,
la verdad sobre wicho,es,es-ES es-US es-MX es-AR es-CO,15.0,15.74,FLOJO: los vídeos largos recientes tienen menos de 20.000 vistas,5,5,24673,"Es Momento De Decir La Verdad 🤔Wicho Explica Porque No Salía En Los Videos, Se Fue O No? (24,673 vistas, 14.1 min, hace 1460 días)"
el misterio de islington,es,es-ES es-US es-MX es-AR es-CO,12.0,15.6,VACÍO: ningún vídeo largo que lo responda,0,0,0,
como era la vida en los 80,es,es-ES es-US es-MX es-AR es-CO,15.0,15.56,FLOJO: los vídeos largos recientes tienen menos de 20.000 vistas,1,1,18792,"Cómo vivían los adolescentes en los años 70 y 80: fotografías raras muestran cómo era la vida en ... (18,792 vistas, 29.9 min, hace 365 días)"
como era la vida de horacio quiroga,es,es-ES es-US es-MX es-AR es-CO,15.0,15.5,FLOJO: los vídeos largos recientes tienen menos de 20.000 vistas,3,2,16823,"Horacio Quiroga: La trágica vida de un loco literario. (16,823 vistas, 63.9 min, hace 365 días)"
por qué se hundió pedro,es,es-ES es-US es-MX es-AR es-CO,15.0,15.43,FLOJO: los vídeos largos recientes tienen menos de 20.000 vistas,3,3,14380,"Pedro: ¿Te sientes hundido? Este mensaje es para ti | Personajes Bíblicos (14,380 vistas, 10.9 min, hace 365 días)"
qué pasó con carlos y mujer de buena pasta,es,es-ES es-US es-MX es-AR es-CO,11.833,15.38,VACÍO: ningún vídeo largo que lo responda,0,0,0,
por qué desapareció la policía federal,es,es-ES es-US es-MX es-AR es-CO,10.279,15.09,FLOJO: los vídeos largos recientes tienen menos de 20.000 vistas,18,5,233783,"What Happened to the Federal Police Officers Who Caught El Chapo Guzmán? What Netflix Didn't Tell... (233,783 vistas, 7.5 min, hace 30 días)"
que hay dentro de un atomo,es,es-ES es-US es-MX es-AR es-CO,15.043,15.07,FLOJO: los vídeos largos recientes tienen menos de 20.000 vistas,5,5,733,"¿Qué hay dentro de un átomo? | Ciencia Explicada (733 vistas, 10.3 min, hace 30 días)"
cómo vivían oasisamérica,es,es-ES es-US es-MX es-AR es-CO,15.0,15.03,FLOJO: los vídeos largos recientes tienen menos de 20.000 vistas,1,1,956,"Aridoamérica y oasisamérica - ¿Cómo vivían en los lugares más extremos del México antiguo? (956 vistas, 27.7 min, hace 180 días)"
por qué desapareció famsa,es,es-ES es-US es-MX es-AR es-CO,15.0,15.03,FLOJO: los vídeos largos recientes tienen menos de 20.000 vistas,3,1,1136,"Por qué Grupo Famsa Desapareció de las Tiendas de México (1,136 vistas, 36.3 min, hace 180 días)"
por qué se hundió el barco pirata de vallarta,es,es-ES es-US es-MX es-AR es-CO,15.0,15.02,FLOJO: los vídeos largos recientes tienen menos de 20.000 vistas,1,1,668,"Así se HUNDIÓ el Marigalante, El Barco Más Famoso de Vallarta! (668 vistas, 8.4 min, hace 330 días)"
cómo vivían cada grupo social en la sociedad de nueva españa,es,es-ES es-US es-MX es-AR es-CO,15.0,15.0,FLOJO: los vídeos largos recientes tienen menos de 20.000 vistas,1,1,16,"La sociedad de castas: qué significaba nacer en cada grupo de la Nueva España (16 vistas, 17.6 min, hace 21 días)"
qué pasaría si un niño entra a los backgrounds,es,es-ES es-US es-MX es-AR es-CO,11.5,14.95,VACÍO: ningún vídeo largo que lo responda,0,0,0,
la verdad sobre olvidar a tu ex,es,es-ES es-US es-MX es-AR es-CO,11.5,14.95,VACÍO: ningún vídeo largo que lo responda,0,0,0,
cómo era la vida de los mayas,es,es-ES es-US es-MX es-AR es-CO,11.455,14.91,VACÍO: ningún vídeo largo que lo responda,1,0,513,"La Vida Cotidiana de los Mayas: Secretos de una Civilización Perdida (513 vistas, 5.4 min, hace 365 días)"
cómo se hizo el sonido de la playstation 2,es,es-ES es-US es-MX es-AR es-CO,11.429,14.86,VACÍO: ningún vídeo largo que lo responda,0,0,0,
por qué ya no te juntas con el diego,es,es-ES es-US es-AR es-CO,10.938,14.8,VACÍO: ningún vídeo largo que lo responda,6,0,20389,"mamá : hijo por qué no te juntas con el Diego ...el Diego :👌 (20,389 vistas, 0.5 min, hace 1825 días)"
como armar a vivian zzz,es,es-ES es-US es-MX es-AR es-CO,13.75,14.77,FLOJO: los vídeos largos recientes tienen menos de 20.000 vistas,4,2,36936,"Vivian Simplified Guide | ZZZ Made EZ (36,936 vistas, 5.3 min, hace 365 días)"
qué pasaría si pennywise fuera real,es,es-ES es-US es-MX es-AR,14.25,14.68,FLOJO: los vídeos largos recientes tienen menos de 20.000 vistas,3,1,15168,"¿Qué Pasaría Si Pennywise Fuera Real? (15,168 vistas, 9.8 min, hace 330 días)"
por qué ya no aparece plutón en el sistema solar,es,es-ES es-US es-MX es-AR es-CO,11.25,14.62,VACÍO: ningún vídeo largo que lo responda,0,0,0,
el misterio de raspberry hill,es,es-ES es-US es-MX es-AR es-CO,14.45,14.49,FLOJO: los vídeos largos recientes tienen menos de 20.000 vistas,2,1,1441,"HORROR BOOKS: THE MYSTERY OF RASPBERRY HILL BY EVA FRANTZ (1,441 vistas, 10.0 min, hace 730 días)"
qué pasaría si ves el eclipse sin gafas,es,es-ES es-US es-MX es-AR es-CO,10.875,14.36,VACÍO: ningún vídeo largo que lo responda,1,0,7725,"Ver el eclipse sin gafas: Esto es lo que te puede pasar en los ojos si no tomas precaución (7,725 vistas, 1.1 min, hace 30 días)"
el misterio de block island,es,es-ES es-US es-MX es-AR es-CO,9.068,14.36,FLOJO: los vídeos largos recientes tienen menos de 20.000 vistas,20,9,291741,"THE BLOCK ISLAND SOUND Trailer (2020) Ghost Horror (291,741 vistas, 1.5 min, hace 2190 días)"
qué pasaría si ocurriera un sismo muy intenso,es,es-ES es-US es-MX es-AR es-CO,11.0,14.3,VACÍO: ningún vídeo largo que lo responda,0,0,0,
qué pasaría si pennywise se enfrenta a tilín,es,es-ES es-US es-MX es-AR es-CO,11.0,14.3,VACÍO: ningún vídeo largo que lo responda,0,0,0,
quién fue napoleón,es,es-ES es-US es-MX es-AR es-CO,10.1,14.29,VACÍO: ningún vídeo largo que lo responda,1,0,44021,"¿Quién Fue? Biografía de Napoleón Bonaparte 🇫🇷 | Revolución Francesa (44,021 vistas, 3.6 min, hace 2920 días)"
como se construyo la presa de zimapan,es,es-ES es-US es-MX es-AR es-CO,11.25,14.14,FLOJO: los vídeos largos recientes tienen menos de 20.000 vistas,12,5,128655,"Conociendo la Presa de Zimapán (128,655 vistas, 65.4 min, hace 1095 días)"
la verdad sobre argentina,es,es-ES es-US es-MX es-AR es-CO,13.5,13.71,FLOJO: los vídeos largos recientes tienen menos de 20.000 vistas,3,3,7772,"Por esto perdió Argentina el Mundial 😱 ¡Se filtra la VERDAD! (7,772 vistas, 11.4 min, hace 60 días)"
por qué ya no hay luciérnagas,es,es-ES es-US es-MX es-AR es-CO,10.517,13.67,VACÍO: ningún vídeo largo que lo responda,0,0,0,
cómo era la vida de los cazadores y recolectores,es,es-ES es-US es-MX es-AR es-CO,10.5,13.66,FLOJO: los vídeos largos recientes tienen menos de 20.000 vistas,6,3,150608,"✅La vida de los primeros CAZADORES - RECOLECTORES  y la FABRICACIÓN DE INSTRUMENTOS (150,608 vistas, 4.3 min, hace 1825 días)"
qué pasó con tres,es,es-ES es-US es-MX es-AR es-CO,10.25,13.33,VACÍO: ningún vídeo largo que lo responda,1,0,230,"¿Qué pasó con tres? (230 vistas, 0.3 min, hace 365 días)"
qué le pasó a jason jiménez,es,es-ES es-US es-MX es-AR es-CO,10.25,13.33,VACÍO: ningún vídeo largo que lo responda,0,0,0,
cuánto cuesta ponerse brackets,es,es-ES es-US es-MX es-AR es-CO,12.993,13.21,FLOJO: los vídeos largos recientes tienen menos de 20.000 vistas,1,1,8209,"Brackets en Perú: ¿Cuánto Cuestan Realmente y Qué Debes Saber? (8,209 vistas, 8.6 min, hace 365 días)"
la verdad sobre sancho panza,es,es-ES es-US es-MX es-AR es-CO,13.0,13.14,FLOJO: los vídeos largos recientes tienen menos de 20.000 vistas,9,1,5387,"La verdad sobre Sancho Panza (5,387 vistas, 1.9 min, hace 3650 días)"
el misterio de capucha roja,es,es-US es-MX es-AR es-CO,12.046,13.14,FLOJO: los vídeos largos recientes tienen menos de 20.000 vistas,7,2,45583,"Batman El misterio de Capucha Roja  El Guason y Mascara Negra (45,583 vistas, 1.5 min, hace 3285 días)"
qué pasaría si tomo agua con sal,es,es-ES es-US es-MX es-AR es-CO,10.029,13.04,VACÍO: ningún vídeo largo que lo responda,0,0,0,
cuánto cuesta bronco,es,es-ES es-US es-MX es-AR es-CO,10.0,13.0,VACÍO: ningún vídeo largo que lo responda,0,0,0,
cuánto cuesta hacer un testamento,es,es-ES es-MX es-AR es-CO,9.438,12.97,VIEJO: solo vídeos largos de hace más de 2 años,6,1,186928,"¿CUÁNTO cuesta HACER una DONACIÓN? Con Ángel Pérez García (186,928 vistas, 8.1 min, hace 1460 días)"
por qué ya no abre la boca,es,es-ES es-US es-MX es-AR es-CO,9.929,12.91,VACÍO: ningún vídeo largo que lo responda,0,0,0,
quién fue william walker,es,es-ES es-US es-MX es-AR es-CO,9.825,12.77,VACÍO: ningún vídeo largo que lo responda,0,0,0,
el misterio de una boda de un mes,es,es-ES es-US es-MX es-AR es-CO,12.5,12.61,FLOJO: los vídeos largos recientes tienen menos de 20.000 vistas,2,1,4203,"Compré un vestido para la boda de mi hermano. Entonces mi tío me dijo: ""Ya sucedió"". Un mes después (4,203 vistas, 39.1 min, hace 90 días)"
qué le pasó a un jugador de sudáfrica,es,es-ES es-US es-MX es-AR es-CO,9.25,12.58,VACÍO: ningún vídeo largo que lo responda,1,0,22887,"Hallan muerto a Jayden Adams, jugador de Sudáfrica en el Mundial 2026 (22,887 vistas, 1.1 min, hace 60 días)"
por qué una persona suda mucho,es,es-ES es-US es-MX es-AR es-CO,9.643,12.54,VACÍO: ningún vídeo largo que lo responda,0,0,0,
cómo funciona yango,es,es-ES es-US es-AR es-CO,9.604,12.49,VACÍO: ningún vídeo largo que lo responda,0,0,0,
quién fue aristóteles,es,es-ES es-US es-MX es-AR es-CO,9.375,12.25,VACÍO: ningún vídeo largo que lo responda,2,0,2599,"¿Quién Fue Aristóteles? | Filosofía Antigua (2,599 vistas, 7.2 min, hace 1095 días)"
cuánto cuesta renovar la residencia,es,es-ES es-US es-MX es-AR es-CO,9.036,12.2,VACÍO: ningún vídeo largo que lo responda,3,0,19324,"¿Cuánto tiempo tengo para renovar mi tarjeta de residencia? | Noticias Telemundo (19,324 vistas, 1.2 min, hace 1825 días)"
la verdad sobre los zangbetos,es,es-ES es-US es-MX es-AR es-CO,9.375,12.19,VACÍO: ningún vídeo largo que lo responda,0,0,0,
como vivían los tehuelches,es,es-ES es-US es-MX es-AR es-CO,9.375,12.19,VACÍO: ningún vídeo largo que lo responda,0,0,0,
qué pasó en guanajuato,es,es-ES es-US es-MX es-AR es-CO,10.1,12.17,FLOJO: los vídeos largos recientes tienen menos de 20.000 vistas,5,1,102434,"¿MONTAJE EN GUANAJUATO? Sheinbaum y Harfuch revelan qué pasó con el presunto huachicol (102,434 vistas, 6.0 min, hace 12 días)"
que hay dentro de una semilla,es,es-ES es-US es-MX es-AR es-CO,10.529,12.14,FLOJO: los vídeos largos recientes tienen menos de 20.000 vistas,12,3,76712,"CIENCIAS 218: ¿Qué hay dentro de una semilla? (76,712 vistas, 10.1 min, hace 3285 días)"
cuánto cuesta renovar la licencia,es,es-ES es-US es-MX es-AR es-CO,9.3,12.09,VACÍO: ningún vídeo largo que lo responda,0,0,0,
el caso de kentucky en 1876 pueblo donde llovio carne,es,es-ES es-US es-MX es-AR es-CO,9.25,12.03,VACÍO: ningún vídeo largo que lo responda,0,0,0,
qué pasaría si méxico no existiera,es,es-ES es-US es-MX es-AR es-CO,11.973,12.02,VIEJO: solo vídeos largos de hace más de 2 años,1,1,2062,"🇲🇽 QUÉ PASARÍA SI MÉXICO NO EXISTIERA? | El mundo SIN MEXICO | Reaccionando a México (2,062 vistas, 11.8 min, hace 1095 días)"
el caso de kentucky 1876,es,es-ES es-US es-MX es-AR es-CO,12.0,12.01,FLOJO: los vídeos largos recientes tienen menos de 20.000 vistas,2,1,259,"(1876, Kentucky) The Plantation Where 41 Souls Disappeared Without a Trace (259 vistas, 67.0 min, hace 150 días)"
qué hay dentro de un unicornio,es,es-ES es-US es-MX es-AR es-CO,9.029,11.74,VACÍO: ningún vídeo largo que lo responda,0,0,0,
la verdad sobre zamasu what if,es,es-ES es-US es-MX es-AR es-CO,9.0,11.72,VACÍO: ningún vídeo largo que lo responda,1,0,736,"Como hacer el What if de la verdad de Zamas Dragon ball sparking zero, arco de black, campaña goku (736 vistas, 3.4 min, hace 365 días)"
la verdad sobre harry quebert serie,es,es-ES es-US es-MX es-AR es-CO,10.75,11.7,FLOJO: los vídeos largos recientes tienen menos de 20.000 vistas,5,2,44328,"Seriemente: 'La verdad sobre el caso Harry Quebert', la serie de la novela de Joël Dicker (44,328 vistas, 2.8 min, hace 2555 días)"
qué pasaría si intentamos ocultar lo que sentimos,es,es-ES es-US es-MX es-AR es-CO,9.0,11.7,VACÍO: ningún vídeo largo que lo responda,0,0,0,
cómo se hizo presente la santísima trinidad en el bautismo de jesús,es,es-ES es-US es-MX es-AR es-CO,9.0,11.7,VACÍO: ningún vídeo largo que lo responda,0,0,0,
como vivian los griegos en la antiguedad,es,es-ES es-US es-MX es-AR es-CO,9.0,11.7,VACÍO: ningún vídeo largo que lo responda,0,0,0,
como vivian los indigenas en la nueva españa,es,es-ES es-US es-MX es-AR es-CO,11.25,11.48,FLOJO: los vídeos largos recientes tienen menos de 20.000 vistas,1,1,10280,"Resistencia y Rebeliones Indígenas en el Virreinato de Nueva España | México #4 (10,280 vistas, 10.2 min, hace 365 días)"
como se construyo san juan de gaztelugatxe,es,es-ES es-US es-MX es-AR es-CO,10.0,11.48,FLOJO: los vídeos largos recientes tienen menos de 20.000 vistas,18,8,74002,"San Juan de Gaztelugatxe, una ermita suspendida sobre el mar (74,002 vistas, 0.8 min, hace 3650 días)"
qué pasó en kentucky,es,es-ES es-US es-MX es-AR es-CO,9.0,11.47,FLOJO: los vídeos largos recientes tienen menos de 20.000 vistas,2,1,137299,"¿Qué pasó con Louisville Kentucky? (137,299 vistas, 4.5 min, hace 1095 días)"
como vivian los vaqueros del oeste,es,es-ES es-US es-MX es-AR es-CO,10.893,10.9,FLOJO: los vídeos largos recientes tienen menos de 20.000 vistas,2,2,280,"🔥 Así Vivían los RICOS y los POBRES en el Viejo Oeste | La Verdadera Historia (280 vistas, 23.3 min, hace 90 días)"
qué pasó en tailandia,es,es-ES es-US es-MX es-AR es-CO,10.098,10.26,FLOJO: los vídeos largos recientes tienen menos de 20.000 vistas,1,1,8205,"Se fue a Tailandia siendo joven… y esto es lo que pasó (8,205 vistas, 166.6 min, hace 180 días)"
por qué ya no hay rosco en pasapalabra,es,es-ES es-US es-AR es-CO,9.583,9.84,FLOJO: los vídeos largos recientes tienen menos de 20.000 vistas,6,1,13439,"💥¡CONDENA HISTÓRICA! CONTRA PASAPALABRA Y JUEZ CANCELAN EL ROSCO CON ROBERTO LEAL EN ANTENA 3 (13,439 vistas, 9.1 min, hace 120 días)"
cómo era la vida antes del internet,es,es-ES es-US es-MX es-AR es-CO,9.788,9.81,FLOJO: los vídeos largos recientes tienen menos de 20.000 vistas,7,3,1142,"¿CÓMO ERA LA VIDA ANTES DEL INTERNET? La generación que lo vio cambiar TODO... (1,142 vistas, 4.4 min, hace 330 días)"
quién fue zorobabel,es,es-ES es-US es-MX es-AR es-CO,9.15,9.76,FLOJO: los vídeos largos recientes tienen menos de 20.000 vistas,3,1,33101,"¿Quién era Zorobabel en la Biblia? La historia de Zorobabel y la reconstrucción del Templo (33,101 vistas, 6.2 min, hace 1095 días)"
