bar,equity,units,price,expo,signal,target,funding,flags
2026-09-29 20:00:00+00:00,999.5904857463199,0.007,83562.4,0.5851764380923165,0.875,0.6112786450001938,0.0,
2026-09-30 00:00:00+00:00,999.9666485963199,0.007,83624.5,0.5853910236123392,0.875,0.6135457420193983,0.05853715,
2026-09-30 04:00:00+00:00,997.48514859632,0.007,83270.0,0.5843595775037391,0.875,0.614912747741446,0.0,
2026-09-30 08:00:00+00:00,997.408170656624,0.007,83258.8,0.5843260734633019,0.875,0.6171764153144865,-0.001422060304,
2026-09-30 12:00:00+00:00,1001.777570656624,0.007,83883.0,0.5861390963416431,0.875,0.6175356829013292,0.0,
2026-09-30 16:00:00+00:00,1003.2919788687659,0.007,84104.9,0.5868025583776828,0.875,0.6196572376769091,0.038891787858,
2026-09-30 20:00:00+00:00,999.537878868766,0.007,83568.6,0.5852506566955277,0.875,0.6199931783186496,0.0,
2026-10-01 00:00:00+00:00,999.5374750387659,0.007,83576.9,0.5853090200318001,0.875,0.622285465172533,0.05850383,
2026-10-01 04:00:00+00:00,1000.570675038766,0.007,83724.5,0.585737234381063,0.875,0.6245335491603373,0.0,
2026-10-01 08:00:00+00:00,998.1120079187659,0.007,83381.6,0.5847752510432713,0.875,0.6259555142873255,0.05836712,
2026-10-01 12:00:00+00:00,1001.5882079187659,0.007,83878.2,0.5862163665245754,0.875,0.6270487405972291,0.0,
2026-10-01 16:00:00+00:00,1003.2632197887659,0.007,84125.9,0.5869659012556916,0.875,0.6291355576294307,0.058888130000000004,
2026-10-01 20:00:00+00:00,1006.7877197887659,0.007,84629.4,0.5884118254087293,0.875,0.6302347745803959,0.0,
2026-10-02 00:00:00+00:00,1008.129739068766,0.007,84829.6,0.5890186322134632,0.875,0.6324433845610925,0.05938072000000001,
2026-10-02 04:00:00+00:00,1012.7822644858093,0.007,85476.6,0.5907846345470673,0.875,0.6326932837811364,-0.12352541704320003,
2026-10-02 08:00:00+00:00,1016.8359194758091,0.007,86064.3,0.5924752346578888,0.875,0.6333942553345733,0.06024501000000003,
2026-10-02 12:00:00+00:00,1019.0241194758091,0.007,86376.9,0.5933503323856837,0.875,0.6353803202854788,0.0,
2026-10-02 16:00:00+00:00,1011.461008645057,0.007,85297.4,0.5903161811445848,0.875,0.6302081433574255,0.0066108307520817205,
2026-10-02 20:00:00+00:00,1004.247508645057,0.007,84266.9,0.5873734262939397,0.875,0.6257473694606688,0.0,
2026-10-03 00:00:00+00:00,1005.7304373364848,0.007,84482.8,0.5880100452822863,0.875,0.6279019770277655,0.028371308572211356,
